"District IRN","% enrolled less than 3 years","Charter Transfer"
"46995.0","","","379096.20"
"47027.0","","","1232042.41"
"44685.0","","","619137.89"
"049957","049957","31.3",""
"50252.0","","","135501.23"
"048132","048132","44.5",""
"048421","048421","41.9",""
"44073.0","","","102959.20"
"43570.0","","","176048.94"
"44057.0","","","497749.09"
"050484","050484","33.5",""
"044784","044784","37.2",""
"44172.0","","","407048.58"
"049791","049791","38.5",""
"46979.0","","","9567319.40"
"048041","048041","38.5",""
"48223.0","","","1329024.77"
"043703","043703","43.1",""
"49437.0","","","452067.27"
"49783.0","","","29682.15"
"045070","045070","57.5",""
"046326","046326","40.0",""
"44693.0","","","226440.12"
"044073","044073","32.1",""
"050625","050625","32.7",""
"46623.0","","","68012.43"
"50708.0","","","183609.72"
"44966.0","","","527422.06"
"045674","045674","43.9",""
"045856","045856","36.1",""
"048652","048652","30.4",""
"046250","046250","34.9",""
"049080","049080","33.5",""
"47787.0","","","279683.78"
"049494","049494","36.4",""
"044271","044271","32.6",""
"048223","048223","44.3",""
"43562.0","","","1008658.35"
"046243","046243","34.0",""
"047951","047951","39.5",""
"47597.0","","","102804.22"
"50658.0","","","42613.85"
"49973.0","","","482934.43"
"045567","045567","37.1",""
"046441","046441","41.1",""
"044099","044099","38.1",""
"44065.0","","","418074.20"
"45823.0","","","224384.91"
"049643","049643","36.4",""
"43778.0","","","244026.28"
"47241.0","","","1388026.57"
"045971","045971","34.6",""
"43588.0","","","470712.26"
"50617.0","","","106877.89"
"047217","047217","33.7",""
"48140.0","","","204398.90"
"044909","044909","47.7",""
"44115.0","","","587104.47"
"046748","046748","35.8",""
"046136","046136","45.1",""
"049528","049528","37.8",""
"047852","047852","38.3",""
"47522.0","","","102709.23"
"47225.0","","","122354.93"
"45401.0","","","373881.13"
"046235","046235","34.0",""
"043794","043794","49.4",""
"44131.0","","","155083.26"
"043828","043828","35.6",""
"48132.0","","","609377.99"
"050963","","",""
"49205.0","","","149738.91"
"048033","048033","33.0",""
"49379.0","","","79708.99"
"044552","044552","35.4",""
"48082.0","","","259495.93"
"48371.0","","","208245.00"
"044008","044008","37.4",""
"044412","044412","55.6",""
"049171","049171","30.4",""
"45294.0","","","225857.36"
"44990.0","","","5848595.31"
"45427.0","","","333894.71"
"047191","047191","29.4",""
"44958.0","","","660869.99"
"044891","044891","33.9",""
"047381","047381","36.1",""
"050393","050393","33.0",""
"045559","045559","39.8",""
"050534","050534","32.2",""
"48462.0","","","363347.58"
"046284","046284","33.3",""
"050245","050245","33.6",""
"50096.0","","","63192.73"
"50443.0","","","808678.33"
"050302","050302","32.4",""
"45070.0","","","2692369.62"
"48694.0","","","5147658.68"
"047514","047514","34.5",""
"046672","046672","37.3",""
"048694","048694","55.5",""
"46094.0","","","651372.57"
"049031","049031","32.9",""
"050922","","",""
"049817","049817","22.6",""
"49536.0","","","292868.29"
"43661.0","","","702677.75"
"046763","046763","32.5",""
"044214","044214","34.6",""
"043489","043489","45.3",""
"043893","043893","33.9",""
"50286.0","","","266749.75"
"046474","046474","31.9",""
"045807","045807","37.0",""
"44792.0","","","619258.92"
"043950","043950","48.8",""
"047456","047456","25.6",""
"050773","","",""
"044172","044172","36.6",""
"050179","050179","29.0",""
"065680","065680","35.0",""
"049197","049197","46.0",""
"049627","049627","34.1",""
"047332","047332","48.6",""
"43596.0","","","378611.10"
"050435","050435","37.7",""
"48090.0","","","145612.36"
"45807.0","","","125550.78"
"043687","043687","37.4",""
"45179.0","","","2498675.75"
"000442","000442","36.3",""
"139303.0","","","488988.83"
"045401","045401","36.1",""
"50278.0","","","163379.62"
"045153","045153","38.4",""
"47498.0","","","93866.41"
"045526","045526","34.3",""
"063495","","",""
"48470.0","","","555195.64"
"047639","047639","34.9",""
"49080.0","","","322249.43"
"046219","046219","34.6",""
"49692.0","","","60974.34"
"49346.0","","","44822.13"
"047209","047209","38.9",""
"045021","045021","33.3",""
"049536","049536","40.0",""
"50625.0","","","51435.34"
"050328","050328","35.9",""
"045484","045484","35.4",""
"049106","049106","34.8",""
"45047.0","","","5160130.36"
"049361","049361","28.6",""
"047027","047027","35.2",""
"44248.0","","","542768.76"
"047621","047621","41.1",""
"046821","046821","33.0",""
"051698","","",""
"48124.0","","","316162.54"
"50641.0","","","57522.41"
"049445","049445","33.9",""
"44628.0","","","1109988.82"
"43653.0","","","417883.26"
"44610.0","","","300673.41"
"049692","049692","53.1",""
"047365","047365","37.9",""
"049155","049155","40.3",""
"49445.0","","","79899.90"
"47696.0","","","344324.97"
"012391","","",""
"46011.0","","","151400.25"
"49866.0","","","275038.86"
"47001.0","","","3678992.84"
"44255.0","","","991094.64"
"46300.0","","","312912.82"
"048264","048264","33.7",""
"050062","050062","42.0",""
"46722.0","","","99155.77"
"044602","044602","37.4",""
"045328","045328","44.4",""
"46953.0","","","1544203.77"
"048348","048348","28.2",""
"046854","046854","35.7",""
"045633","045633","25.2",""
"048611","048611","41.4",""
"049833","049833","40.9",""
"046508","046508","45.5",""
"048165","048165","38.1",""
"44313.0","","","86025.64"
"44305.0","","","1767332.66"
"047175","047175","36.6",""
"044198","044198","41.5",""
"048793","048793","40.4",""
"45419.0","","","116748.99"
"044149","044149","40.1",""
"048926","048926","29.9",""
"49320.0","","","95209.36"
"49890.0","","","334585.38"
"44164.0","","","404201.85"
"049841","049841","32.4",""
"043752","043752","27.5",""
"047613","047613","38.7",""
"051185","","",""
"049296","049296","35.2",""
"44784.0","","","505258.16"
"50369.0","","","120275.07"
"47506.0","","","76986.01"
"44081.0","","","2309799.90"
"46763.0","","","1186474.12"
"044040","044040","52.0",""
"47951.0","","","315786.57"
"50633.0","","","82870.18"
"47449.0","","","125555.09"
"47472.0","","","1026.70"
"050591","050591","32.6",""
"045773","045773","41.0",""
"049510","049510","33.7",""
"46680.0","","","113623.74"
"50120.0","","","227948.23"
"047837","047837","36.6",""
"44602.0","","","755048.23"
"048553","048553","23.1",""
"044693","044693","41.9",""
"044289","044289","27.0",""
"044123","044123","40.0",""
"047969","047969","36.0",""
"049379","049379","28.9",""
"48652.0","","","316256.81"
"46516.0","","","216045.27"
"50161.0","","","746743.59"
"048710","048710","39.9",""
"044990","044990","45.8",""
"47761.0","","","209591.13"
"049726","049726","38.3",""
"46755.0","","","612263.62"
"44875.0","","","1528189.08"
"069682","069682","32.2",""
"047803","047803","35.0",""
"45641.0","","","351542.48"
"044586","044586","32.5",""
"50351.0","","","81416.54"
"43943.0","","","6541633.58"
"011506","","",""
"47183.0","","","545402.81"
"048488","048488","31.6",""
"043968","043968","43.5",""
"046433","046433","35.3",""
"044669","044669","48.0",""
"44743.0","","","1402192.49"
"48231.0","","","2596894.97"
"043919","043919","41.4",""
"043521","043521","40.2",""
"046003","046003","35.6",""
"044404","044404","47.5",""
"49981.0","","","327305.03"
"44800.0","","","14075064.37"
"044461","044461","44.9",""
"050575","050575","34.8",""
"046979","046979","54.4",""
"46458.0","","","215234.01"
"46037.0","","","236673.87"
"44636.0","","","8150551.49"
"44339.0","","","2735510.75"
"050203","050203","32.4",""
"049098","049098","35.7",""
"44446.0","","","170627.42"
"48801.0","","","514693.85"
"48876.0","","","405537.12"
"046581","046581","36.9",""
"50393.0","","","255192.60"
"049544","049544","37.6",""
"45088.0","","","207360.63"
"045617","045617","31.8",""
"47456.0","","","84867.22"
"45336.0","","","42381.24"
"44099.0","","","767254.77"
"048363","048363","30.4",""
"46508.0","","","187888.09"
"47894.0","","","1302346.98"
"45435.0","","","114260.60"
"047241","047241","35.7",""
"45963.0","","","32141.54"
"047043","047043","32.9",""
"049148","049148","36.3",""
"43513.0","","","901968.48"
"050542","050542","30.6",""
"046334","046334","37.1",""
"48553.0","","","7072.85"
"044578","044578","45.8",""
"49031.0","","","126729.15"
"46862.0","","","303673.84"
"49338.0","","","10951.51"
"44511.0","","","465186.23"
"045443","045443","40.5",""
"045310","045310","28.1",""
"045211","045211","29.0",""
"43539.0","","","999228.71"
"046482","046482","33.5",""
"047415","047415","27.3",""
"046094","046094","34.1",""
"43489.0","","","25107355.41"
"45633.0","","","77535.03"
"49502.0","","","258644.65"
"047340","047340","31.3",""
"047068","047068","26.7",""
"47043.0","","","68925.05"
"46961.0","","","2120617.42"
"046862","046862","40.5",""
"43687.0","","","674709.38"
"50047.0","","","420496.98"
"45344.0","","","263558.47"
"048801","048801","37.0",""
"051300","","",""
"050443","050443","35.8",""
"47514.0","","","121693.52"
"051458","","",""
"49882.0","","","345176.73"
"45831.0","","","223721.55"
"43976.0","","","308314.74"
"046078","046078","37.3",""
"044644","044644","38.8",""
"45666.0","","","135830.42"
"45971.0","","","118461.29"
"043679","043679","34.6",""
"044768","044768","35.0",""
"046896","046896","33.8",""
"047746","047746","34.3",""
"44701.0","","","179643.46"
"045203","045203","33.9",""
"045369","045369","51.1",""
"45625.0","","","349224.68"
"050021","050021","100.0",""
"065227","","",""
"051714","","",""
"45286.0","","","80488.14"
"051227","","",""
"43497.0","","","752346.30"
"46110.0","","","2264792.81"
"047985","047985","35.0",""
"45781.0","","","184598.99"
"046268","046268","36.7",""
"049668","049668","33.1",""
"43679.0","","","226777.52"
"49759.0","","","61020.69"
"045161","045161","52.5",""
"49833.0","","","369134.60"
"044800","044800","39.3",""
"045385","045385","24.9",""
"048942","048942","32.9",""
"048538","048538","30.8",""
"44727.0","","","181260.17"
"44719.0","","","339026.76"
"44396.0","","","1694748.96"
"43695.0","","","652106.58"
"048124","048124","30.2",""
"046904","046904","41.4",""
"049809","049809","32.7",""
"050583","050583","38.3",""
"044495","044495","40.4",""
"44347.0","","","96447.95"
"043851","043851","41.2",""
"043711","043711","46.8",""
"44644.0","","","640083.25"
"50005.0","","","225059.97"
"046151","046151","38.0",""
"44370.0","","","436884.37"
"45062.0","","","397937.13"
"47423.0","","","40668.88"
"43547.0","","","142339.27"
"047761","047761","31.4",""
"044164","044164","41.5",""
"050153","050153","33.5",""
"48207.0","","","625882.12"
"062802","","",""
"49247.0","","","254117.80"
"46524.0","","","250020.92"
"48934.0","","","27595.53"
"047019","047019","33.0",""
"46854.0","","","119541.32"
"044396","044396","35.8",""
"049890","049890","35.4",""
"47340.0","","","357406.48"
"049320","049320","37.4",""
"47852.0","","","127936.28"
"044792","044792","44.4",""
"048215","048215","31.6",""
"048629","048629","34.7",""
"43505.0","","","1055462.46"
"045278","045278","31.7",""
"044933","044933","37.9",""
"48348.0","","","128849.53"
"46888.0","","","156704.39"
"47878.0","","","76238.14"
"051359","","",""
"50021.0","","","225791.74"
"49684.0","","","83955.65"
"47415.0","","","39076.83"
"051144","","",""
"50013.0","","","456503.56"
"048587","048587","26.1",""
"044867","044867","37.8",""
"45187.0","","","184509.73"
"045039","045039","37.2",""
"44362.0","","","716281.03"
"048728","048728","32.6",""
"045948","045948","26.8",""
"49239.0","","","444106.74"
"046789","046789","31.5",""
"046177","046177","44.9",""
"49312.0","","","53380.36"
"043562","043562","46.0",""
"45203.0","","","99759.26"
"47431.0","","","121180.89"
"044388","044388","29.5",""
"47308.0","","","298859.67"
"049411","049411","33.7",""
"043810","043810","33.1",""
"051672","","",""
"46870.0","","","402953.66"
"44909.0","","","71042443.50"
"049353","049353","40.6",""
"44768.0","","","563925.10"
"48942.0","","","237182.10"
"047498","047498","29.8",""
"045013","045013","38.5",""
"044545","044545","34.0",""
"44420.0","","","1018468.99"
"50112.0","","","238262.45"
"45195.0","","","650563.21"
"46144.0","","","312040.30"
"48926.0","","","136137.57"
"044941","044941","36.0",""
"44867.0","","","256565.83"
"065268","","",""
"045120","045120","39.9",""
"50070.0","","","338929.28"
"49932.0","","","1487147.72"
"047936","047936","33.5",""
"48777.0","","","419762.44"
"44404.0","","","5518059.56"
"46441.0","","","118437.46"
"50518.0","","","18879.94"
"45799.0","","","479180.62"
"048496","048496","28.6",""
"044032","044032","35.9",""
"45880.0","","","191231.83"
"061903","","34.7",""
"48272.0","","","328310.93"
"051375","","",""
"049429","049429","33.1",""
"44545.0","","","644063.17"
"050427","050427","31.0",""
"48819.0","","","325559.16"
"49767.0","","","20819.28"
"46789.0","","","239569.88"
"047449","047449","37.0",""
"050617","050617","37.7",""
"49213.0","","","308812.97"
"48173.0","","","836715.59"
"46102.0","","","1465167.21"
"051201","","",""
"043885","043885","38.2",""
"044339","044339","43.4",""
"48843.0","","","855934.16"
"051391","","",""
"047787","047787","31.4",""
"44321.0","","","580791.42"
"049593","049593","33.1",""
"049619","049619","34.5",""
"048843","048843","31.1",""
"062067","","",""
"48835.0","","","313438.06"
"049189","049189","32.0",""
"45955.0","","","13290.11"
"47076.0","","","44455.28"
"50138.0","","","131611.86"
"46565.0","","","29910.30"
"050005","050005","31.7",""
"043745","043745","44.3",""
"048090","048090","37.3",""
"49775.0","","","35672.34"
"062109","","",""
"046276","046276","32.1",""
"48793.0","","","471483.86"
"044834","044834","33.4",""
"044727","044727","33.0",""
"048967","","",""
"49395.0","","","39356.98"
"49569.0","","","272580.28"
"47746.0","","","222206.08"
"61903.0","","","531923.60"
"44859.0","","","496455.35"
"45245.0","","","399721.68"
"046995","046995","35.9",""
"045534","045534","42.8",""
"48256.0","","","175336.10"
"44198.0","","","2093421.94"
"44412.0","","","2924966.43"
"045245","045245","35.1",""
"49841.0","","","238346.76"
"043554","043554","39.2",""
"050492","050492","27.2",""
"47688.0","","","128416.86"
"050948","","",""
"46581.0","","","31371.51"
"049056","049056","37.1",""
"048298","048298","38.3",""
"046342","046342","40.3",""
"043588","043588","33.5",""
"50575.0","","","196169.54"
"46573.0","","","354377.68"
"45096.0","","","416284.19"
"048678","048678","33.0",""
"049270","049270","36.7",""
"50450.0","","","595599.65"
"044958","044958","36.5",""
"046573","046573","30.3",""
"47969.0","","","63242.30"
"048520","048520","36.0",""
"049064","049064","36.5",""
"044347","044347","26.9",""
"044594","044594","37.7",""
"50559.0","","","187555.73"
"48751.0","","","3877309.50"
"50328.0","","","209655.05"
"46045.0","","","129974.12"
"50500.0","","","581674.31"
"48157.0","","","349950.07"
"045336","045336","32.0",""
"045468","045468","34.1",""
"048272","048272","41.5",""
"50039.0","","","86592.98"
"45161.0","","","22315777.53"
"044206","044206","40.1",""
"044305","044305","52.2",""
"46201.0","","","185075.92"
"051607","","",""
"044750","044750","40.5",""
"45575.0","","","347781.63"
"048306","048306","36.7",""
"49593.0","","","202733.23"
"46128.0","","","319156.58"
"049502","049502","38.9",""
"049205","049205","35.5",""
"044065","044065","37.5",""
"049759","049759","26.2",""
"045237","045237","41.6",""
"49940.0","","","166367.71"
"045625","045625","34.5",""
"046318","046318","38.2",""
"49668.0","","","357152.65"
"49999.0","","","251993.07"
"048876","048876","33.4",""
"045906","045906","34.4",""
"46219.0","","","123885.90"
"048157","048157","35.4",""
"46136.0","","","177663.19"
"043992","043992","41.5",""
"45104.0","","","1109406.15"
"050187","050187","34.0",""
"048017","048017","70.3",""
"044180","044180","35.0",""
"44388.0","","","1163031.66"
"046128","046128","39.2",""
"47985.0","","","464078.26"
"050500","050500","30.3",""
"047688","047688","29.0",""
"44180.0","","","1124016.19"
"69682.0","","","224211.20"
"44537.0","","","1101938.58"
"49908.0","","","345886.12"
"47332.0","","","368098.63"
"43737.0","","","811297.34"
"44735.0","","","344847.37"
"046599","046599","62.3",""
"044503","044503","32.7",""
"45120.0","","","718004.37"
"45567.0","","","320070.00"
"045419","045419","31.1",""
"45450.0","","","105177.85"
"044057","044057","37.6",""
"49122.0","","","79024.32"
"48538.0","","","185721.61"
"44495.0","","","1273189.68"
"044263","044263","48.7",""
"045757","045757","31.5",""
"48165.0","","","382827.69"
"044297","044297","52.9",""
"44974.0","","","511368.02"
"045831","045831","34.5",""
"048470","048470","34.1",""
"049478","049478","43.3",""
"47993.0","","","615611.91"
"045054","045054","47.7",""
"045146","045146","30.5",""
"46599.0","","","628922.21"
"047928","047928","40.6",""
"44529.0","","","560606.92"
"48413.0","","","368455.16"
"048702","048702","52.8",""
"051490","","",""
"050237","050237","37.2",""
"45138.0","","","1663289.56"
"47209.0","","","145622.93"
"044610","044610","38.6",""
"44107.0","","","3366547.80"
"48439.0","","","359887.37"
"046011","046011","37.2",""
"49577.0","","","137846.46"
"46342.0","","","352557.02"
"48074.0","","","195836.91"
"46284.0","","","317764.84"
"043539","043539","42.1",""
"44040.0","","","1989950.09"
"44487.0","","","932633.17"
"043844","043844","51.1",""
"044370","044370","41.7",""
"046409","046409","40.9",""
"051128","","",""
"050740","050740","32.7",""
"043927","043927","33.6",""
"048884","048884","38.2",""
"48637.0","","","23940.59"
"45559.0","","","338242.90"
"048991","048991","30.3",""
"044479","044479","38.5",""
"051169","","",""
"49296.0","","","214496.39"
"046722","046722","32.7",""
"044511","044511","58.8",""
"044156","044156","40.7",""
"47217.0","","","141875.19"
"45146.0","","","101742.64"
"051417","","",""
"047589","047589","31.6",""
"047308","047308","35.2",""
"045344","045344","45.2",""
"044875","044875","37.2",""
"45468.0","","","290332.29"
"49510.0","","","295224.86"
"43638.0","","","417282.28"
"50567.0","","","170121.42"
"46631.0","","","135551.03"
"44297.0","","","7371844.82"
"050641","050641","36.1",""
"45757.0","","","95656.51"
"44032.0","","","281425.45"
"49171.0","","","83134.49"
"045575","045575","30.3",""
"46334.0","","","328023.73"
"44891.0","","","1305622.84"
"44289.0","","","84474.64"
"051029","","",""
"044974","044974","32.4",""
"43612.0","","","1180979.53"
"47621.0","","","73392.73"
"046300","046300","47.2",""
"050906","","",""
"45476.0","","","663983.68"
"047571","047571","34.3",""
"047274","047274","32.8",""
"045427","045427","31.6",""
"47639.0","","","111379.25"
"047902","047902","31.0",""
"49353.0","","","34758.63"
"045476","045476","29.2",""
"049247","049247","36.2",""
"049882","049882","34.0",""
"044982","044982","34.3",""
"139303","139303","42.6",""
"047050","047050","32.2",""
"45153.0","","","2494859.95"
"046714","046714","29.5",""
"051631","","",""
"047092","047092","42.1",""
"049916","049916","31.3",""
"044487","044487","38.0",""
"48447.0","","","469553.00"
"049239","049239","42.3",""
"048637","048637","32.6",""
"43703.0","","","660394.12"
"046870","046870","36.0",""
"046193","046193","38.6",""
"45112.0","","","885979.88"
"48264.0","","","327268.47"
"044313","044313","36.6",""
"043661","043661","29.7",""
"045781","045781","49.4",""
"45054.0","","","1544187.56"
"43604.0","","","242730.79"
"050013","050013","31.8",""
"47084.0","","","167460.66"
"044651","044651","35.9",""
"044719","044719","57.1",""
"49916.0","","","131913.82"
"48355.0","","","162048.12"
"48298.0","","","955888.16"
"49809.0","","","49152.37"
"048850","048850","39.4",""
"049718","049718","23.5",""
"49221.0","","","346344.48"
"045302","045302","31.1",""
"43745.0","","","523454.74"
"045377","045377","42.1",""
"047522","047522","35.0",""
"46482.0","","","353104.02"
"045179","045179","40.2",""
"047993","047993","39.1",""
"050815","","",""
"050658","050658","37.9",""
"47258.0","","","130245.02"
"049122","049122","40.5",""
"050518","050518","36.9",""
"043547","043547","28.8",""
"049346","049346","26.0",""
"50203.0","","","134065.30"
"048686","048686","64.4",""
"050112","050112","36.3",""
"062026","","",""
"045393","045393","29.5",""
"043646","043646","30.7",""
"44883.0","","","548705.17"
"47274.0","","","409108.72"
"50583.0","","","532199.69"
"048835","048835","32.9",""
"45856.0","","","274141.72"
"45674.0","","","133960.00"
"043513","043513","35.6",""
"050369","050369","36.8",""
"44263.0","","","13349744.96"
"043620","043620","35.6",""
"48900.0","","","110081.30"
"049767","049767","37.8",""
"50468.0","","","222455.35"
"47399.0","","","266367.13"
"044255","044255","40.9",""
"043612","043612","33.1",""
"49155.0","","","116280.78"
"044628","044628","44.8",""
"045096","045096","41.2",""
"050450","050450","29.6",""
"47381.0","","","546582.84"
"49270.0","","","165725.03"
"049973","049973","43.4",""
"046946","046946","35.9",""
"047399","047399","37.6",""
"045583","045583","34.6",""
"046359","046359","34.0",""
"047720","047720","40.6",""
"47902.0","","","111310.72"
"045658","045658","32.7",""
"049338","049338","32.4",""
"46649.0","","","59863.36"
"47548.0","","","113000.15"
"045872","045872","34.2",""
"048207","048207","30.3",""
"48041.0","","","1092124.27"
"45765.0","","","301288.65"
"50211.0","","","167816.91"
"46359.0","","","2091228.19"
"50302.0","","","219980.57"
"43729.0","","","396577.25"
"048744","048744","30.7",""
"063511","","",""
"45997.0","","","154319.38"
"046110","046110","31.1",""
"44222.0","","","3388274.11"
"050708","050708","31.4",""
"048595","048595","18.7",""
"46706.0","","","24070.50"
"048371","048371","31.0",""
"049908","049908","31.0",""
"048355","048355","39.3",""
"045955","045955","28.3",""
"043570","043570","38.0",""
"49106.0","","","271891.59"
"47944.0","","","112739.11"
"50674.0","","","149259.50"
"49288.0","","","210594.91"
"48884.0","","","358579.65"
"44271.0","","","296801.04"
"46326.0","","","385415.46"
"49494.0","","","180490.35"
"048900","048900","31.1",""
"043497","043497","39.4",""
"051003","","",""
"48710.0","","","187176.35"
"48421.0","","","563108.04"
"047712","047712","33.4",""
"045005","045005","59.4",""
"46805.0","","","246707.64"
"048447","048447","37.3",""
"43620.0","","","427998.00"
"45658.0","","","367960.78"
"044024","044024","37.7",""
"044537","044537","33.6",""
"47886.0","","","427476.24"
"50229.0","","","54849.00"
"44982.0","","","375241.53"
"46946.0","","","983418.72"
"43984.0","","","1700912.84"
"43711.0","","","7565211.69"
"50336.0","","","335786.32"
"47571.0","","","42100.08"
"043984","043984","41.4",""
"64964.0","","","24307.56"
"47928.0","","","46012.19"
"046607","046607","30.6",""
"47019.0","","","2201848.27"
"047944","047944","33.7",""
"47464.0","","","138845.58"
"050559","050559","34.4",""
"48512.0","","","100305.58"
"44677.0","","","714889.46"
"043976","043976","36.3",""
"045112","045112","39.2",""
"047829","047829","29.5",""
"046797","","",""
"49924.0","","","421968.10"
"046755","046755","32.9",""
"050799","","",""
"49452.0","","","1343415.85"
"47373.0","","","827589.15"
"046458","046458","31.5",""
"044446","044446","34.3",""
"044685","044685","38.8",""
"064964","064964","",""
"043877","043877","38.6",""
"49148.0","","","221711.37"
"44123.0","","","539876.56"
"049577","049577","33.6",""
"044321","044321","35.3",""
"051060","","",""
"050195","050195","44.6",""
"049569","049569","38.6",""
"48520.0","","","385054.84"
"50153.0","","","176537.50"
"049395","049395","28.1",""
"044925","044925","36.3",""
"047795","047795","30.1",""
"47167.0","","","284577.26"
"45872.0","","","490436.87"
"46813.0","","","368017.57"
"044016","044016","33.8",""
"50245.0","","","591503.31"
"50716.0","","","88147.92"
"050989","","",""
"043778","043778","34.0",""
"44149.0","","","199754.94"
"047225","047225","33.1",""
"049288","049288","37.1",""
"49064.0","","","79786.84"
"44750.0","","","586185.61"
"47936.0","","","302927.76"
"45302.0","","","322611.80"
"045500","045500","34.6",""
"045138","045138","36.6",""
"46714.0","","","97787.66"
"48736.0","","","1114193.70"
"050294","050294","38.6",""
"47803.0","","","375077.69"
"46060.0","","","466658.06"
"043596","043596","34.1",""
"047894","047894","29.5",""
"50690.0","","","263810.30"
"047548","047548","34.7",""
"043802","043802","49.9",""
"43646.0","","","335781.06"
"049874","049874","33.4",""
"046623","046623","28.0",""
"050278","050278","32.5",""
"47175.0","","","308795.97"
"46474.0","","","181334.69"
"044438","044438","41.1",""
"045294","045294","37.5",""
"046805","046805","34.7",""
"48579.0","","","78364.52"
"049213","049213","36.7",""
"048397","048397","36.0",""
"047001","047001","47.1",""
"47050.0","","","101252.61"
"50492.0","","","126447.26"
"050120","050120","40.3",""
"045252","045252","33.8",""
"44230.0","","","207062.13"
"45310.0","","","22872.68"
"44594.0","","","234818.97"
"44453.0","","","4595745.07"
"051433","","",""
"050682","050682","27.9",""
"48702.0","","","1218909.94"
"049858","049858","35.0",""
"043729","043729","37.2",""
"048231","048231","42.9",""
"45534.0","","","468825.48"
"050047","050047","33.8",""
"043653","043653","39.3",""
"47266.0","","","184472.17"
"049437","049437","34.2",""
"48629.0","","","129765.64"
"048116","048116","32.8",""
"044743","044743","40.5",""
"50724.0","","","206398.12"
"65680.0","","","272144.21"
"045187","045187","33.9",""
"045229","045229","37.0",""
"48488.0","","","797896.72"
"049601","049601","43.5",""
"049684","049684","30.2",""
"047373","047373","33.4",""
"44206.0","","","1995686.88"
"49817.0","","","29063.67"
"046524","046524","36.9",""
"050096","050096","48.9",""
"045591","045591","39.0",""
"45773.0","","","686313.25"
"044842","044842","29.2",""
"048082","048082","36.9",""
"048439","048439","40.6",""
"45328.0","","","75555.85"
"049940","049940","37.2",""
"49700.0","","","197328.00"
"045914","045914","38.8",""
"50682.0","","","73303.68"
"091397","091397","36.5",""
"50179.0","","","250891.60"
"47837.0","","","188969.86"
"048140","048140","32.4",""
"45351.0","","","253948.16"
"46847.0","","","249449.53"
"049783","049783","22.3",""
"043737","043737","31.9",""
"44156.0","","","730778.51"
"049866","049866","30.4",""
"43950.0","","","6864032.09"
"050724","050724","32.8",""
"050054","050054","32.2",""
"044107","044107","45.3",""
"48215.0","","","40872.46"
"48991.0","","","173708.45"
"050633","050633","36.6",""
"44776.0","","","297536.49"
"47191.0","","","66994.73"
"48611.0","","","160527.32"
"048009","048009","45.2",""
"49650.0","","","189174.42"
"047076","047076","34.8",""
"049650","049650","35.5",""
"49718.0","","","32087.59"
"047167","047167","31.7",""
"045823","045823","30.1",""
"045765","045765","37.7",""
"49361.0","","","7472.12"
"047696","047696","31.7",""
"044735","044735","40.2",""
"47720.0","","","326496.95"
"045047","045047","34.9",""
"45591.0","","","357508.96"
"45906.0","","","232439.69"
"050229","050229","32.1",""
"43968.0","","","2925860.71"
"048736","048736","51.6",""
"044081","044081","54.3",""
"050419","050419","30.9",""
"43919.0","","","1146291.86"
"45229.0","","","102031.19"
"046060","046060","36.6",""
"048959","","",""
"44354.0","","","1457929.26"
"046383","046383","36.7",""
"47365.0","","","2812342.93"
"47738.0","","","120269.49"
"050286","050286","37.5",""
"43992.0","","","720081.49"
"44826.0","","","459992.50"
"47829.0","","","379957.20"
"48728.0","","","1040407.09"
"46433.0","","","126468.49"
"043786","043786","47.7",""
"051656","","",""
"043836","043836","41.4",""
"45864.0","","","366853.31"
"046144","046144","29.6",""
"50484.0","","","213579.51"
"051284","","",""
"043935","043935","37.5",""
"047472","047472","44.0",""
"048025","048025","38.3",""
"48389.0","","","295684.92"
"48496.0","","","131371.90"
"044560","044560","36.7",""
"44214.0","","","1350939.37"
"45609.0","","","264684.88"
"044966","044966","36.4",""
"43885.0","","","118557.68"
"45237.0","","","76440.82"
"46425.0","","","501565.97"
"044362","044362","35.8",""
"49726.0","","","26275.50"
"045062","045062","32.7",""
"48397.0","","","81570.43"
"44669.0","","","2894130.49"
"044883","044883","34.7",""
"047597","047597","33.8",""
"43869.0","","","270055.79"
"049387","049387","31.2",""
"45583.0","","","519431.03"
"46672.0","","","85818.05"
"047506","047506","31.8",""
"46383.0","","","358909.25"
"050252","050252","36.7",""
"045542","045542","35.1",""
"50054.0","","","213399.29"
"046706","046706","34.9",""
"047738","047738","35.9",""
"50542.0","","","140527.16"
"46748.0","","","586675.33"
"051532","","",""
"051334","","",""
"047183","047183","31.4",""
"47092.0","","","320630.76"
"048975","048975","0.0",""
"50591.0","","","249617.15"
"047266","047266","32.2",""
"048579","048579","26.5",""
"044115","044115","39.6",""
"43893.0","","","261854.98"
"50534.0","","","271842.45"
"46607.0","","","210028.51"
"45377.0","","","120068.43"
"46151.0","","","282120.61"
"047464","047464","33.0",""
"46268.0","","","384881.24"
"043943","043943","40.3",""
"43877.0","","","1307675.90"
"043760","043760","37.4",""
"50062.0","","","855509.13"
"048389","048389","32.9",""
"050351","050351","27.8",""
"051474","","",""
"046680","046680","38.7",""
"049221","049221","32.6",""
"44651.0","","","237378.77"
"049981","049981","32.5",""
"049635","049635","32.8",""
"046961","046961","37.8",""
"044701","044701","33.4",""
"051243","","",""
"44578.0","","","807511.87"
"46896.0","","","2138392.38"
"045435","045435","35.2",""
"045799","045799","38.4",""
"46557.0","","","55749.02"
"043695","043695","36.2",""
"50237.0","","","145275.98"
"044818","044818","45.4",""
"046953","046953","40.5",""
"044248","044248","32.4",""
"43554.0","","","72985.01"
"45617.0","","","233067.14"
"43935.0","","","407869.86"
"046565","046565","28.7",""
"048322","048322","38.1",""
"045963","045963","26.6",""
"046367","046367","40.9",""
"045666","045666","34.7",""
"47845.0","","","401719.06"
"045492","045492","30.7",""
"45278.0","","","338151.09"
"44586.0","","","58516.01"
"046201","046201","32.2",""
"45021.0","","","263509.41"
"44479.0","","","564851.25"
"45211.0","","","86416.87"
"50195.0","","","304721.88"
"49098.0","","","597671.92"
"46250.0","","","487110.45"
"049312","049312","34.2",""
"48009.0","","","1164266.03"
"44461.0","","","134284.99"
"044230","044230","60.3",""
"049452","049452","40.5",""
"046813","046813","35.2",""
"048512","048512","30.8",""
"45526.0","","","172845.38"
"48314.0","","","167874.36"
"050674","050674","30.4",""
"44552.0","","","364122.46"
"46409.0","","","187340.52"
"047431","047431","36.2",""
"46920.0","","","351127.34"
"049700","049700","31.7",""
"46193.0","","","1216776.23"
"048413","048413","38.9",""
"45948.0","","","48083.97"
"45005.0","","","1781552.25"
"044222","044222","47.2",""
"043604","043604","42.6",""
"44933.0","","","415434.31"
"44925.0","","","641952.53"
"43901.0","","","4063936.09"
"45252.0","","","173464.54"
"050070","050070","33.2",""
"046649","046649","33.2",""
"46003.0","","","56072.06"
"044636","044636","39.9",""
"045088","045088","36.0",""
"046516","046516","35.1",""
"043638","043638","37.5",""
"50187.0","","","297903.43"
"046847","046847","38.2",""
"050856","","",""
"47068.0","","","85011.51"
"48330.0","","","25065.25"
"46177.0","","","210671.29"
"050336","050336","35.5",""
"46391.0","","","423697.94"
"45492.0","","","907012.01"
"49601.0","","","120595.61"
"43851.0","","","374867.55"
"045864","045864","34.4",""
"44560.0","","","640495.58"
"043505","043505","37.5",""
"048173","048173","32.2",""
"046045","046045","30.4",""
"048074","048074","37.1",""
"46243.0","","","526944.18"
"46367.0","","","230649.56"
"45369.0","","","136755.48"
"046102","046102","37.5",""
"045880","045880","35.3",""
"45260.0","","","100962.69"
"050468","050468","33.4",""
"045922","045922","34.8",""
"49627.0","","","420377.17"
"050211","050211","33.9",""
"49130.0","","","252794.45"
"46078.0","","","137390.54"
"43836.0","","","1599188.35"
"45914.0","","","290696.46"
"43786.0","","","127132024.94"
"48595.0","","","13347.15"
"050138","050138","30.6",""
"050690","050690","35.5",""
"43760.0","","","546246.62"
"044826","044826","37.9",""
"46821.0","","","326888.89"
"050567","050567","28.6",""
"49197.0","","","1362695.11"
"48678.0","","","204627.71"
"046391","046391","34.8",""
"044529","044529","36.1",""
"47795.0","","","533713.90"
"49858.0","","","587944.66"
"43810.0","","","505582.87"
"049999","049999","37.1",""
"50427.0","","","589073.61"
"48850.0","","","460412.83"
"43927.0","","","243851.34"
"44008.0","","","810217.38"
"46276.0","","","140796.59"
"044131","044131","32.5",""
"44941.0","","","1023706.77"
"048751","048751","41.8",""
"45385.0","","","93712.43"
"45518.0","","","213843.03"
"050161","050161","34.8",""
"46904.0","","","140515.04"
"45500.0","","","804981.68"
"48975.0","","","5703.91"
"43828.0","","","500622.37"
"44917.0","","","121600.34"
"050039","050039","36.0",""
"43521.0","","","461856.26"
"45922.0","","","99967.37"
"49635.0","","","245879.38"
"50294.0","","","72897.32"
"062125","","",""
"047423","047423","22.3",""
"043901","043901","56.9",""
"43844.0","","","46008078.09"
"046425","046425","34.1",""
"49528.0","","","205260.14"
"046037","046037","38.6",""
"44016.0","","","746122.79"
"45393.0","","","255359.00"
"49189.0","","","370695.82"
"49874.0","","","494661.38"
"048777","048777","30.2",""
"043869","043869","37.4",""
"044453","044453","44.9",""
"49643.0","","","179480.20"
"50435.0","","","451762.87"
"044354","044354","39.5",""
"49957.0","","","156558.94"
"48306.0","","","944153.34"
"48686.0","","","1179576.54"
"45013.0","","","402298.18"
"48033.0","","","263944.00"
"47589.0","","","53321.66"
"48017.0","","","283013.35"
"045997","045997","37.4",""
"048934","048934","32.9",""
"48744.0","","","381360.02"
"049932","049932","40.9",""
"048819","048819","39.5",""
"48322.0","","","143334.59"
"048256","048256","34.1",""
"044859","044859","36.3",""
"062042","","",""
"44503.0","","","361917.65"
"50419.0","","","469016.03"
"044917","044917","37.6",""
"45484.0","","","160684.39"
"44842.0","","","715221.91"
"47712.0","","","140579.03"
"048330","048330","30.3",""
"045518","045518","35.2",""
"49411.0","","","341195.16"
"049130","049130","41.2",""
"43752.0","","","52447253.03"
"046631","046631","36.9",""
"44024.0","","","702684.82"
"045104","045104","35.3",""
"91397.0","","","123545.22"
"047258","047258","38.1",""
"051045","","",""
"045450","045450","36.6",""
"049460","049460","39.2",""
"050880","","",""
"047845","047845","39.5",""
"0442.0","","","163817.66"
"047886","047886","31.4",""
"44818.0","","","5846919.86"
"48363.0","","","161459.53"
"44438.0","","","287555.30"
"47613.0","","","132533.61"
"49478.0","","","301462.33"
"43794.0","","","2600560.86"
"045641","045641","33.6",""
"045195","045195","28.1",""
"48025.0","","","552661.24"
"045260","045260","36.6",""
"045286","045286","31.3",""
"50740.0","","","187859.30"
"44834.0","","","640040.32"
"46235.0","","","294896.64"
"43802.0","","","106967736.01"
"48116.0","","","353264.60"
"050716","050716","38.2",""
"048462","048462","29.1",""
"044677","044677","44.8",""
"49544.0","","","191611.06"
"044420","044420","38.3",""
"48587.0","","","30126.70"
"045351","045351","34.2",""
"047084","047084","36.9",""
"049924","049924","36.1",""
"45443.0","","","127749.63"
"048314","048314","27.7",""
"045609","045609","37.1",""
"49429.0","","","193637.20"
"044776","044776","36.7",""
"49791.0","","","105824.25"
"046888","046888","33.1",""
"047878","047878","33.6",""
"049775","049775","36.8",""
"046920","046920","40.7",""
"45542.0","","","138224.22"
"49619.0","","","36027.65"
"46318.0","","","358608.90"
"49460.0","","","240883.84"
"49056.0","","","543367.53"
"046557","046557","25.5",""
"45039.0","","","246150.80"
