"IRN","DISTRICT","COUNTY","COUNTY NUMBER","DISTRICT TYPE","CALCULATED OPPORTUNITY GRANT","CAPPED OPPORTUNITY GRANT","CALCULATED TARGETED ASSISTANCE","CAPPED TARGETED ASSISTANCE","CALCULATED K-3 LITERACY FUNDING","CAPPED K-3 LITERACY FUNDING","CALCULATED ECONOMIC DISADVANTAGED FUNDING","CAPPED ECONOMIC DISADVANTAGED FUNDING","CALCULATED LIMITED ENGLISH PROFICIENCY FUNDING","CAPPED LIMITED ENGLISH PROFICIENCY FUNDING","CALCULATED GIFTED EDUCATION FUNDING","CAPPED GIFTED EDUCATION FUNDING","CALCULATED TRANSPORTATION FUNDING","CAPPED TRANSPORTATION FUNDING","CALCULATED SPECIAL EDUCATION ADDITIONAL FUNDING","CAPPED SPECIAL EDUCATION ADDITIONAL FUNDING","CALCULATED CAREER TECH EDUCATION FUNDING","CAPPED CAREER TECH EDUCATION FUNDING","CALCULATED FUNDING BEFORE GUARANTEE","CAPPED FUNDING BEFORE GUARANTEE","TRANSITIONAL GUARANTEE BASE","TRANSITIONAL GUARANTEE","TOTAL CALCULATED STATE FUNDING","PRESCHOOL SPECIAL EDUCATION FUNDING","SPECIAL EDUCATION TRANSPORTATION FUNDING","TOTAL ADDITIONAL AID ITEMS","EDUCATION SERVICE CENTER TRANSFER","OPEN ENROLLMENT ADJUSTMENT","COMMUNITY SCHOOL TRANSFER","STEM SCHOOL TRANSFER","SCHOLARSHIP TRANSFER","OTHER ADJUSTMENTS","TOTAL TRANSFERS & ADJUSTMENTS","NET STATE FOUNDATION FUNDING","STATEWIDE TOTAL ADM","STATEWIDE FORMULA ADM","STATEWIDE ECONOMIC DISADVANTAGED RATIO","STATEWIDE MEDIAN INCOME","STATEWIDE 3 YEAR AVERAGE VALUATION","STATEWIDE 3 YEAR AVERAGE ADJUSTED VALUATION","STATEWIDE 3 YEAR FEDERAL GROSS INCOME","ADJUSTED TOTAL ADM","TOTAL ADM","TUITION KINDERGARTEN ADM","JOINTURE JVS ADM","FORMULA ADM","CATEGORY 1 SPECIAL EDUCATION ADM","CATEGORY 2 SPECIAL EDUCATION ADM","CATEGORY 3 SPECIAL EDUCATION ADM","CATEGORY 4 SPECIAL EDUCATION ADM","CATEGORY 5 SPECIAL EDUCATION ADM","CATEGORY 6 SPECIAL EDUCATION ADM","CATEGORY 1 CAREER TECH FTE","CATEGORY 2 CAREER TECH FTE","CATEGORY 3 CAREER TECH FTE","CATEGORY 4 CAREER TECH FTE","CATEGORY 5 CAREER TECH FTE","CATEGORY 1 LEP ADM","CATEGORY 2 LEP ADM","CATEGORY 3 LEP ADM","K-3 FORMULA ADM","K-3 E-SCHOOL FORMULA ADM","PRESCHOOL AUTISM SCHOLARSHIP ADM","BRICK & MORTAR & STEM SCHOOL ADM","E-SCHOOL FORMULA ADM","NET FORMULA ADM","JON PETERSON SCHOLARSHIP ADM","AUTISM SCHOLARSHIP ADM","EDCHOICE SCHOLARSHIP ADM","ECONOMIC DISADVANTAGED ADM","ECONOMIC DISADVANTAGED RATIO","E-SCHOOL ECONOMIC DISADVANTAGED ADM","3 YEAR AVERAGE FEDERAL GROSS INCOME","3 YEAR AVERAGE TOTAL REAL VALUATION","3 YEAR AVERAGE AGRICULTURAL REAL VALUATION","3 YEAR AVERAGE ADJSUTED TOTAL VALUATION","3 YEAR AVERAGE TOTAL VALUATION","EXEMPT PROPERTY VALUATION","POTENTIAL PROPERTY VALUATION","MEDIAN INCOME TY11","STATE SHARE INDEX","ECONIMC DISADVANTAGED INDEX","INCOMING OPEN ENROLLMENT ADM","OUTGOING OPEN ENROLLMENT ADM","RESIDENT COMMUNITY SCHOOL ADM","RESIDENT SPECIAL ED PRESCHOOL CATEGORY 1 ADM","RESIDENT SPECIAL ED PRESCHOOL CATEGORY 2 ADM","RESIDENT SPECIAL ED PRESCHOOL CATEGORY 3 ADM","RESIDENT SPECIAL ED PRESCHOOL CATEGORY 4 ADM","RESIDENT SPECIAL ED PRESCHOOL CATEGORY 5 ADM","RESIDENT SPECIAL ED PRESCHOOL CATEGORY 6 ADM"
"442.0","Manchester Local SD","Adams","1.0","3.0","244113.67","244113.67","0.0","0.0","23265.45","23265.45","899446.76","899446.76","0.0","0.0","50499.15","50499.15","240226.26","240226.26","38276.28","38276.28","7796.03","7796.03","1503623.6","1503623.6","1486081.69","0.0","1503623.6","28667.28","22439.44","51106.72","-65466.86","218904.25","-181938.35","0.0","0.0","-494466.9","-522967.86","1031762.46","1722831.49","1691302.01","0.465188926","32180.0","242082979402.0","242082979402.0","265792223824.0","849.83","849.83","0.0","0.0","849.83","12.0","97.5","6.0","2.0","12.0","4.0","24.93","6.75","0.0","0.0","0.0","0.0","0.0","0.0","255.2","3.0","0.0","1.0","24.23","824.85","0.0","0.0","0.0","811.93","0.955402845","19.23","60414429.0","103564910.0","13143223.0","293684173.0","293684173.0","15300270.0","308984443.0","24923.0","0.05","4.218075268","77.15","38.9","26.06","0.0","7.0","0.0","0.0","0.0","0.0"
"43489.0","Akron City SD","Summit","77.0","1.0","104654745.25","92927687.34","17964394.89","15951399.69","1467051.4","1302661.37","24452327.87","21712329.18","916488.97","813792.05","1187730.55","1054639.75","2976388.57","2642870.19","20401627.77","20401627.77","2842294.55","2842294.55","176863049.82","159649301.89","150258166.48","0.0","159649301.89","1640217.01","1393988.6","3034205.61","0.0","-7678987.1","-29134278.01","0.0","-4867801.62","-33070.94","-41714137.67","120969369.83","1722831.49","1691302.01","0.465188926","32180.0","242082979402.0","242082979402.0","265792223824.0","27164.51","27164.51","0.0","0.5","27164.11","428.41","3009.4","498.9","19.3","278.75","364.03","285.54","343.51","361.41","113.54","233.61","242.4","834.15","108.6","8755.09","116.23","2.23","2582.79","1133.12","23053.49","43.7","15.02","983.91","24697.89","0.909196963","901.52","2810142881.0","2448439403.0","606957.0","2540143056.0","2540143056.0","704050390.0","3244193447.0","24287.0","0.67056018","3.819945946","524.6","1824.58","3560.06","57.0","171.0","2.0","9.0","17.0","19.0"
"43497.0","Alliance City SD","Stark","76.0","1.0","13780830.86","11447635.64","3069270.74","2549620.81","187250.66","155547.76","1567442.29","1302062.87","10155.98","8436.5","151925.75","126203.61","1039953.55","863881.83","2276991.86","2276991.86","250391.59","250391.59","22334213.28","18980772.47","17864256.44","0.0","18980772.47","322659.81","85304.03","407963.84","-94085.88","-1416016.95","-863279.45","0.0","-38686.45","196478.65","-2215590.08","17173146.23","1722831.49","1691302.01","0.465188926","32180.0","242082979402.0","242082979402.0","265792223824.0","3153.15","3153.15","0.0","0.0","3153.15","41.8","362.28","22.56","0.0","28.0","36.0","30.23","29.31","3.48","0.0","23.67","1.0","9.2","2.0","1045.81","11.81","0.0","6.26","110.31","3031.14","0.0","1.0","6.0","2349.64","0.745172288","78.81","310197058.0","229486713.0","1010260.0","239906406.0","239906406.0","87105580.0","327011987.0","23491.0","0.760747858","2.565988207","112.0","356.11","116.42","22.0","38.0","2.0","0.0","0.0","0.0"
"43505.0","Ashland City SD","Ashland","3.0","1.0","9741943.77","7651228.78","1091318.84","857111.31","154235.3","121134.92","383050.55","300844.21","12442.9","9772.54","162530.25","127649.69","690679.32","542452.88","901287.25","901287.25","74066.81","74066.81","13211554.99","10585548.39","9962869.06","0.0","10585548.39","324293.94","38509.42","362803.36","-21359.85","-232291.05","-1190101.01","0.0","-15216.0","-135536.29","-1594504.2","9353847.55","1722831.49","1691302.01","0.465188926","32180.0","242082979402.0","242082979402.0","265792223824.0","3496.93","3496.93","0.0","91.1","3424.05","44.0","253.61","10.9","4.0","12.0","18.0","11.43","7.14","12.57","0.24","24.56","11.0","7.0","1.0","1057.24","14.44","0.0","95.97","83.15","3266.92","2.0","0.0","0.0","1571.92","0.449514288","46.9","500384579.0","437922093.0","18572980.0","454181913.0","454181913.0","93731660.0","547913573.0","28316.0","0.495239741","0.933744949","89.61","125.6","183.14","29.0","33.0","0.0","0.0","3.0","1.0"
"43513.0","Ashtabula Area City SD","Ashtabula","4.0","1.0","14135210.48","14135210.48","2854456.34","2854456.34","191662.0","191662.0","1760834.74","1760834.74","142053.99","142053.99","196460.95","196460.95","718162.59","718162.59","2731325.55","2731325.55","20642.72","20642.72","22750809.36","22750809.36","22953190.51","202381.15","22953190.51","567937.81","160069.13","728006.94","-23554.96","-2386089.54","-950201.6","0.0","-424796.99","-38475.95","-3823119.04","19858078.41","1722831.49","1691302.01","0.465188926","32180.0","242082979402.0","242082979402.0","265792223824.0","4177.64","4177.64","0.0","136.81","4068.19","79.8","468.93","83.0","1.0","21.0","60.98","0.0","0.0","1.47","0.0","22.02","28.0","151.6","29.8","1211.72","25.64","0.38","7.44","128.75","3866.48","30.4","2.36","35.0","2946.67","0.705343208","99.43","451160727.0","414870957.0","23321877.0","443774430.0","443774430.0","62470280.0","506244710.0","25084.0","0.604742449","2.299017315","29.72","458.92","128.47","12.0","77.0","1.0","0.0","6.0","5.0"
"43521.0","Athens City SD","Athens","5.0","1.0","5040631.08","5040631.08","0.0","0.0","97022.15","97022.15","189959.58","189959.58","30427.86","30427.86","117190.8","117190.8","980588.37","980588.37","860300.69","860300.69","37372.82","37372.82","7353493.35","7353493.35","7611524.99","258031.64","7611524.99","247759.94","33055.43","280815.37","-17129.06","1599082.65","-552342.96","0.0","-1750.0","-83518.77","944341.86","8836682.22","1722831.49","1691302.01","0.465188926","32180.0","242082979402.0","242082979402.0","265792223824.0","2461.84","2461.84","0.0","49.6","2422.16","36.7","227.19","33.2","2.0","28.1","27.03","12.16","0.0","14.53","0.0","10.83","22.0","40.0","8.0","757.32","18.27","0.0","2.25","74.15","2346.22","0.0","0.1","0.0","988.16","0.40139083","39.67","466395744.0","482050947.0","16945893.0","463646290.0","508059350.0","281186950.0","789246300.0","27223.0","0.362236369","0.744519639","399.2","116.15","72.96","15.0","20.0","1.0","0.0","0.0","10.0"
"43539.0","Barberton City SD","Summit","77.0","1.0","16082753.94","13889967.82","3489196.32","3013465.53","215478.92","186099.67","1517012.42","1310176.96","27775.37","23988.37","196880.2","170036.78","681346.97","588449.44","2705864.92","2705864.92","347952.16","347952.16","25264261.22","22236001.65","20928001.54","0.0","22236001.65","182289.55","117636.72","299926.27","-125752.3","-1112838.75","-969187.25","0.0","-200304.0","93279.61","-2314802.69","20221125.23","1722831.49","1691302.01","0.465188926","32180.0","242082979402.0","242082979402.0","265792223824.0","4078.04","4078.04","0.0","0.0","4078.04","84.0","479.22","54.48","6.83","21.71","43.02","47.05","37.33","17.27","13.37","30.03","10.0","22.0","1.0","1267.93","13.15","3.89","43.32","99.55","3941.29","2.0","6.6","0.0","2751.89","0.674807015","71.88","387316066.0","359357233.0","349323.0","369319253.0","369319253.0","46868800.0","416188053.0","25674.0","0.685811608","2.10426505","288.76","481.81","134.21","20.0","15.0","0.0","0.0","0.0","1.0"
"43547.0","Bay Village City SD","Cuyahoga","18.0","1.0","3261645.43","2989398.2","0.0","0.0","71491.37","65524.04","1315.72","1205.9","2626.75","2407.5","120194.45","110161.9","422469.39","387206.17","479663.89","479663.89","16554.79","16554.79","4375961.79","4052122.39","3813762.25","0.0","4052122.39","150098.96","61407.42","211506.38","-15999.56","-5745.0","-149433.01","0.0","-58266.0","-140215.04","-369658.61","3893970.16","1722831.49","1691302.01","0.465188926","32180.0","242082979402.0","242082979402.0","265792223824.0","2430.89","2468.79","75.8","0.0","2430.89","47.4","156.3","8.0","2.0","13.0","44.01","4.29","3.41","3.27","0.99","18.04","1.0","6.0","4.0","621.66","1.0","0.65","7.0","15.18","2407.65","2.0","1.46","0.0","187.5","0.075948137","4.0","718120353.0","490522690.0","0.0","497117246.0","497117246.0","35421950.0","532539197.0","54934.0","0.233488393","0.026654805","0.0","1.0","19.26","13.0","19.0","0.0","1.0","1.0","0.0"
"43554.0","Beachwood City SD","Cuyahoga","18.0","1.0","394468.94","369402.69","0.0","0.0","29603.03","27721.93","1747.33","1636.3","4248.75","3978.76","71236.8","66710.11","450350.1","421732.92","69433.49","69433.49","4579.96","4579.96","1025668.4","965196.16","908419.91","0.0","965196.16","32965.71","37126.86","70092.57","-9626.83","0.0","-66789.57","0.0","-240607.5","451368.88","134344.98","1169633.71","1722831.49","1691302.01","0.465188926","32180.0","242082979402.0","242082979402.0","265792223824.0","1371.36","1371.36","0.0","0.0","1371.36","15.0","104.98","23.1","2.7","6.0","25.48","7.2","7.63","0.0","12.14","0.0","34.0","24.2","9.0","320.9","0.0","1.9","4.0","3.0","1345.36","20.0","1.9","0.0","138.27","0.100826916","0.0","646749749.0","703566763.0","0.0","714116563.0","714116563.0","93253820.0","807370383.0","52448.0","0.05","0.046977968","0.0","0.0","6.36","2.0","5.0","0.0","0.0","1.0","0.0"
"43562.0","Bedford City SD","Cuyahoga","18.0","1.0","7137778.45","3264360.56","244934.2","112017.14","136438.89","62398.37","1206954.19","551983.18","24368.62","11144.63","172601.35","78936.75","928917.44","424827.06","1344743.62","1344743.62","114821.21","114821.21","11311557.97","5965232.52","5614336.5","0.0","5965232.52","115381.74","350896.92","466278.66","-22350.45","-180448.85","-1390124.15","0.0","-192166.0","-199872.76","-1984962.21","4446548.97","1722831.49","1691302.01","0.465188926","32180.0","242082979402.0","242082979402.0","265792223824.0","3663.47","3664.27","1.6","1.5","3662.27","61.0","385.53","59.4","4.0","28.3","54.97","27.84","38.21","4.61","6.33","0.4","12.0","45.2","4.0","1083.32","20.67","1.0","88.88","132.02","3461.59","2.0","1.0","0.0","2381.64","0.649963021","83.27","540794087.0","670388533.0","0.0","705941243.0","705941243.0","87854890.0","793796133.0","29699.0","0.33915959","1.952174169","0.0","30.23","203.26","2.0","23.0","0.0","0.0","0.0","0.0"
"43570.0","Bellaire Local SD","Belmont","7.0","1.0","5634213.93","4991756.19","1383446.79","1225695.22","79393.13","70340.1","288299.11","255424.96","2202.54","1951.39","69579.0","61645.05","2551894.37","2260907.14","881431.59","881431.59","8334.75","8334.75","10898795.21","9757486.39","9183516.59","0.0","9757486.39","203734.22","0.0","203734.22","-120628.83","-670950.44","-149300.5","0.0","-29887.0","53742.42","-917024.35","9044196.26","1722831.49","1691302.01","0.465188926","32180.0","242082979402.0","242082979402.0","265792223824.0","1381.69","1381.69","0.0","57.36","1335.8","45.0","146.69","10.0","0.0","7.0","15.0","1.1","1.16","0.0","0.0","0.28","2.0","0.0","0.0","448.63","2.03","0.0","0.0","15.39","1318.91","1.5","0.0","0.0","765.49","0.554024419","9.89","155545270.0","101025773.0","11652977.0","112218120.0","112218120.0","26711320.0","138929440.0","25895.0","0.734178836","1.418401163","96.2","209.8","15.5","17.0","9.0","0.0","0.0","0.0","6.0"
"43588.0","Bellefontaine City SD","Logan","46.0","1.0","9388192.17","8626478.62","1790757.81","1645464.18","130995.16","120366.83","468661.21","430636.25","6367.26","5850.65","126582.85","116312.52","635571.08","584003.85","1348680.67","1348680.67","41190.19","41190.19","13936998.4","12918983.76","12159043.54","0.0","12918983.76","300046.77","31239.71","331286.48","-16824.08","-269247.14","-402494.26","0.0","0.0","-311466.46","-1000031.94","12250238.3","1722831.49","1691302.01","0.465188926","32180.0","242082979402.0","242082979402.0","265792223824.0","2659.46","2659.46","0.0","76.11","2598.57","42.0","243.61","18.8","0.0","11.6","32.3","3.07","0.44","0.0","7.89","24.79","0.0","3.0","9.0","804.8","9.0","0.0","1.0","64.82","2533.0","0.0","0.0","0.0","1404.38","0.528069608","52.36","288547376.0","261033437.0","7091057.0","270109173.0","270109173.0","42642270.0","312751443.0","25978.0","0.628865135","1.288616272","171.13","217.89","65.89","20.0","32.0","0.0","0.0","1.0","3.0"
"43596.0","Bellevue City SD","Huron","39.0","1.0","6409077.27","6232933.13","1168194.41","1136088.29","91355.5","88844.73","190355.01","185123.38","605.07","588.44","100651.1","97884.86","598568.44","582117.66","869373.91","869373.91","80762.94","80762.94","9508943.65","9273717.34","8728204.55","0.0","9273717.34","128279.36","22284.72","150564.08","-388457.6","-130270.98","-423613.74","0.0","-52500.0","-10254.66","-1005096.98","8419184.44","1722831.49","1691302.01","0.465188926","32180.0","242082979402.0","242082979402.0","265792223824.0","2116.2","2116.2","0.0","52.47","2074.22","44.0","170.18","17.5","3.0","13.8","19.5","20.22","0.0","2.64","0.22","31.06","0.0","1.0","0.0","602.49","6.29","0.0","23.88","35.05","2020.26","0.0","1.0","0.0","889.94","0.420536811","24.05","270023437.0","244056760.0","37121670.0","252151050.0","252151050.0","29672550.0","281823600.0","30981.0","0.537836977","0.817239405","68.37","90.37","61.8","11.0","10.0","0.0","0.0","1.0","2.0"
"43604.0","Belpre City SD","Washington","84.0","1.0","3104464.1","1763425.35","282270.99","160338.08","51237.98","29104.65","252426.7","143385.66","0.0","0.0","59082.25","33560.43","225660.48","128181.68","444026.71","444026.71","2326.24","2326.24","4421495.45","2704348.8","2545269.46","0.0","2704348.8","82174.87","26453.13","108628.0","-422796.42","-198908.76","-276398.11","0.0","-17500.0","-10008.41","-925611.7","1887365.1","1722831.49","1691302.01","0.465188926","32180.0","242082979402.0","242082979402.0","265792223824.0","1132.37","1132.37","0.0","57.4","1086.45","27.0","86.24","12.12","1.0","5.0","13.0","0.6","0.34","0.0","0.0","0.06","0.0","0.0","0.0","349.14","3.34","0.0","0.0","39.43","1047.02","0.0","0.0","0.0","646.63","0.571041267","23.89","164150738.0","144241097.0","4668943.0","151201293.0","151201293.0","13031920.0","164233213.0","26233.0","0.497378336","1.506871619","93.76","123.0","39.47","12.0","6.0","0.0","0.0","0.0","0.0"
"43612.0","Berea City SD","Cuyahoga","18.0","1.0","10812495.53","4150569.47","0.0","0.0","229729.1","88185.62","304757.16","116986.48","42351.46","16257.37","316763.75","121595.42","1828468.12","701890.14","2048932.04","2048932.04","22386.58","22386.58","15605883.74","7266803.12","6839344.1","0.0","7266803.12","363613.39","379923.92","743537.31","-43426.44","-70935.0","-1344955.6","0.0","-182985.0","107719.46","-1534582.58","6475757.85","1722831.49","1691302.01","0.465188926","32180.0","242082979402.0","242082979402.0","265792223824.0","6695.88","6695.88","0.0","218.91","6520.75","87.0","568.37","116.97","5.0","47.0","118.46","0.0","0.0","8.67","0.0","43.03","34.0","69.23","25.83","1887.79","5.89","1.0","48.92","132.23","6343.19","7.5","2.14","0.0","2252.01","0.336327712","84.63","1190905772.0","1348431600.0","0.0","1377537683.0","1377537683.0","230097500.0","1607635183.0","33476.0","0.288583676","0.522716935","0.0","12.0","182.11","23.0","44.0","4.0","0.0","0.0","6.0"
"43620.0","Bexley City SD","Franklin","25.0","1.0","2560726.6","2560726.6","0.0","0.0","74276.6","74276.6","3069.04","3069.04","5230.02","5230.02","108312.95","108312.95","150288.85","150288.85","307522.36","307522.36","5214.72","5214.72","3214641.14","3214641.14","3897030.08","682388.94","3897030.08","29296.73","47789.41","77086.14","-13925.02","-22980.0","-399094.21","-53681.85","-192533.0","-33879.22","-716093.3","3258022.92","1722831.49","1691302.01","0.465188926","32180.0","242082979402.0","242082979402.0","265792223824.0","2200.59","2200.59","0.0","0.0","2200.59","25.0","125.21","7.0","0.0","1.0","37.93","1.05","0.84","0.72","1.47","9.03","3.0","19.0","0.0","667.92","0.36","4.62","27.53","11.32","2165.69","1.0","6.55","0.0","230.45","0.104721915","5.32","689032859.0","458892347.0","0.0","462507456.0","462507456.0","66848490.0","529355947.0","62943.0","0.202126486","0.050677644","0.0","4.0","36.38","6.0","1.0","0.0","0.0","0.0","0.0"
"43638.0","Bowling Green City SD","Wood","87.0","1.0","5827814.5","5093803.36","0.0","0.0","107767.0","94193.79","180035.05","157359.7","16666.56","14567.41","143426.15","125361.67","725004.55","633690.49","810045.23","810045.23","43452.36","43452.36","7854211.4","6972474.01","6562328.48","0.0","6972474.01","208429.42","51623.96","260053.38","-413870.09","-293860.76","-480889.13","0.0","-329594.0","-2982.09","-1521196.07","5711331.32","1722831.49","1691302.01","0.465188926","32180.0","242082979402.0","242082979402.0","265792223824.0","3036.75","3036.75","0.0","129.39","2933.23","46.6","229.31","26.59","7.0","12.3","35.51","19.57","0.48","0.0","0.12","18.18","9.5","30.2","0.0","844.35","10.24","2.0","8.38","55.76","2849.97","19.0","4.21","0.0","1113.0","0.366510249","34.82","589453324.0","590563900.0","34511600.0","588192188.0","596667650.0","267822510.0","864490160.0","27981.0","0.345599853","0.620745403","24.72","81.24","69.41","23.0","20.0","2.0","1.0","0.0","0.0"
"43646.0","Brecksville-Broadview Height","Cuyahoga","18.0","1.0","2582292.85","2582292.85","0.0","0.0","88777.7","88777.7","3576.01","3576.01","8887.86","8887.86","194335.0","194335.0","1089661.89","1089661.89","309183.33","309183.33","8180.62","8180.62","4284895.26","4284895.26","4718537.5","433642.24","4718537.5","167604.96","209542.53","377147.49","-26557.12","0.0","-288488.7","0.0","-214310.0","-41672.97","-571028.79","4524656.2","1722831.49","1691302.01","0.465188926","32180.0","242082979402.0","242082979402.0","265792223824.0","3990.91","4047.41","113.0","64.88","3939.0","39.0","232.0","18.37","0.0","20.7","51.43","14.41","0.0","0.0","0.0","0.0","9.0","47.9","14.0","892.44","7.0","0.0","7.83","33.55","3890.14","7.5","1.93","0.0","366.59","0.090573972","15.92","1191195572.0","986468780.0","363657.0","1009887916.0","1009887916.0","107026990.0","1116914907.0","47108.0","0.114111517","0.037909503","0.0","0.0","39.77","23.0","14.0","0.0","1.0","2.0","0.0"
"43653.0","Brooklyn City SD","Cuyahoga","18.0","1.0","2408919.0","195253.75","0.0","0.0","49167.27","3985.23","221756.69","17974.38","31622.71","2563.16","71175.2","5769.07","32973.22","2672.63","479690.88","479690.88","645.84","645.84","3295950.81","708554.94","666875.24","0.0","708554.94","89989.0","71514.0","161503.0","-9034.29","-92343.0","-571112.87","0.0","-58624.0","-54.64","-731168.8","138889.14","1722831.49","1691302.01","0.465188926","32180.0","242082979402.0","242082979402.0","265792223824.0","1479.84","1479.84","0.0","58.5","1433.04","12.5","140.92","31.55","1.0","13.92","22.6","0.21","0.0","0.62","0.0","0.0","15.0","65.48","15.88","408.12","7.0","0.0","49.67","30.89","1363.39","0.5","1.0","0.0","738.2","0.498837712","21.29","221730823.0","300729087.0","0.0","318059803.0","318059803.0","20051830.0","338111633.0","28487.0","0.292599683","1.149899333","0.0","15.9","79.95","3.0","7.0","0.0","0.0","0.0","6.0"
"43661.0","Brunswick City SD","Medina","52.0","1.0","19609210.2","16356897.79","1445722.73","1205940.4","298952.45","249369.28","131016.76","109286.8","27136.8","22635.99","357705.0","298377.35","2109770.9","1759851.96","2053194.95","2053194.95","26072.2","26072.2","26058781.99","22081626.72","20782707.5","0.0","22081626.72","394286.99","167952.93","562239.92","-48825.27","-20055.5","-940516.59","0.0","-204032.0","-64818.11","-1278247.47","21365619.17","1722831.49","1691302.01","0.465188926","32180.0","242082979402.0","242082979402.0","265792223824.0","7561.99","7561.99","0.0","316.23","7309.0","99.8","459.06","36.85","4.0","31.0","65.46","0.53","10.38","2.22","0.0","0.0","8.0","31.0","15.0","2088.24","17.34","1.96","10.0","134.33","7163.21","3.0","2.92","0.0","1840.69","0.24341344","61.82","1177434039.0","1013374890.0","7583773.0","1026719596.0","1026719596.0","58177090.0","1084896687.0","38468.0","0.46686967","0.273798064","13.0","15.0","140.81","26.0","27.0","4.0","2.0","3.0","9.0"
"43679.0","Bryan City SD","Williams","86.0","1.0","5320938.24","3823417.92","558376.89","401227.78","88347.81","63483.28","140269.23","100791.98","3477.08","2498.49","92739.4","66638.9","376100.8","270251.31","780874.82","780874.82","8111.23","8111.23","7369235.5","5517295.71","5192748.9","0.0","5517295.71","150926.46","24658.58","175585.04","-12603.7","142087.55","-297609.73","0.0","-143500.0","191548.76","-120077.12","5572803.63","1722831.49","1691302.01","0.465188926","32180.0","242082979402.0","242082979402.0","265792223824.0","1971.96","1971.96","0.0","92.6","1897.88","19.0","185.04","17.6","1.0","15.0","18.2","0.7","0.0","0.0","0.0","9.22","1.0","3.0","3.0","608.0","7.0","0.0","0.0","40.65","1857.03","0.0","0.2","0.0","767.87","0.389394308","23.67","290616156.0","260157000.0","19907820.0","264387993.0","264387993.0","44425190.0","308813183.0","27791.0","0.488010803","0.700681196","107.02","83.51","37.67","8.0","19.0","1.0","0.0","2.0","0.0"
"43687.0","Bucyrus City SD","Crawford","17.0","1.0","6875075.67","5494525.68","1356672.58","1084245.86","91102.76","72808.86","572108.06","457225.87","9903.46","7914.79","77258.15","61744.32","170029.74","135886.91","1487121.06","1487121.06","0.0","0.0","10639271.48","8801473.35","8283739.63","0.0","8801473.35","228196.85","41973.5","270170.35","-415355.13","-1009086.27","-914091.21","0.0","0.0","-84898.79","-2423431.4","6648212.3","1722831.49","1691302.01","0.465188926","32180.0","242082979402.0","242082979402.0","265792223824.0","1689.13","1690.13","2.0","94.37","1613.63","42.67","233.92","28.77","1.0","23.42","15.8","0.0","0.0","0.0","0.0","0.0","2.0","7.87","2.0","524.3","14.5","0.0","8.55","96.72","1510.49","0.0","0.0","0.0","1122.05","0.663883843","77.81","163494444.0","128110900.0","359737.0","134837976.0","134837976.0","23724990.0","158562967.0","23984.0","0.741623512","2.036692496","88.98","270.01","118.35","19.0","20.0","0.0","0.0","2.0","1.0"
"43695.0","Cambridge City SD","Guernsey","30.0","1.0","8873268.87","8340057.31","1923577.5","1807986.08","130120.39","122301.21","724827.76","681271.48","3550.59","3337.23","109468.85","102890.66","739946.11","695481.34","1420419.81","1420419.81","124600.52","124600.52","14049780.4","13298345.64","12516090.01","0.0","13298345.64","365881.73","48986.52","414868.25","-984808.73","-460747.3","-638502.88","0.0","0.0","-6030.42","-2090089.33","11623124.56","1722831.49","1691302.01","0.465188926","32180.0","242082979402.0","242082979402.0","265792223824.0","2383.1","2383.1","0.0","124.16","2283.77","88.0","242.36","32.8","1.0","25.0","13.0","0.88","37.77","0.0","0.0","0.98","2.0","2.0","0.0","766.54","3.54","0.0","4.0","90.04","2190.73","0.0","0.0","0.0","1512.09","0.634505476","63.75","245986022.0","199689197.0","11000510.0","220198646.0","220198646.0","50879320.0","271077967.0","23998.0","0.676302892","1.860424345","105.0","189.34","91.76","53.0","24.0","0.0","0.0","0.0","0.0"
"43703.0","Campbell City SD","Mahoning","50.0","1.0","7308811.98","6125288.32","2211334.38","1853250.66","82576.0","69204.38","959804.73","804382.53","36419.63","30522.16","69963.15","58633.95","570333.67","477978.93","1215607.53","1215607.53","58793.85","58793.85","12513644.92","10693662.31","10064623.35","0.0","10693662.31","48757.1","58137.48","106894.58","-592676.51","-587130.0","-703302.7","0.0","-93471.0","-41487.65","-2018067.86","8782489.03","1722831.49","1691302.01","0.465188926","32180.0","242082979402.0","242082979402.0","265792223824.0","1449.1","1449.1","0.0","45.58","1412.63","20.4","143.91","25.4","1.0","20.0","8.0","0.24","0.0","29.72","0.0","5.9","3.0","27.97","6.0","417.76","1.76","0.93","52.12","39.58","1330.96","1.0","2.93","0.0","1183.59","0.81677593","26.19","112623038.0","67295777.0","45887.0","70052846.0","70052846.0","14560320.0","84613167.0","22319.0","0.9","3.082812607","0.0","102.8","83.18","6.0","1.0","0.0","0.0","0.0","1.0"
"43711.0","Canton City SD","Stark","76.0","1.0","50923825.25","40775607.96","16026740.61","12832894.8","696269.99","557515.7","6573806.2","5263762.95","106678.26","85419.17","481826.8","385807.25","3382427.61","2708369.64","8435526.78","8435526.78","989322.08","989322.08","87616423.58","72034226.33","67796918.88","0.0","72034226.33","608785.13","486986.48","1095771.61","-599763.78","-1811878.85","-8321381.94","0.0","-1278484.67","48209.15","-11963300.09","61166697.85","1722831.49","1691302.01","0.465188926","32180.0","242082979402.0","242082979402.0","265792223824.0","10599.36","10599.36","0.0","0.0","10599.36","79.2","1198.13","173.3","9.8","56.1","113.26","111.72","98.14","59.92","22.11","10.75","24.0","79.4","3.0","3684.63","30.15","1.0","816.1","224.35","9466.23","1.5","6.96","289.24","8467.48","0.798867101","180.92","700006153.0","606851317.0","59763.0","651931403.0","651931403.0","239779410.0","891710813.0","20744.0","0.836200401","2.949105693","0.0","308.43","968.43","20.0","76.0","0.0","1.0","1.0","5.0"
"43729.0","Celina City SD","Mercer","54.0","1.0","7662364.48","6820662.27","1303479.59","1160293.81","119535.93","106405.04","221952.22","197571.02","21339.86","18995.7","134935.35","120112.85","740311.75","658989.33","1170983.14","1170983.14","96167.69","96167.69","11471070.01","10350180.85","9741346.68","0.0","10350180.85","433623.31","14814.3","448437.61","-916003.66","-748198.05","-664243.43","0.0","-17500.0","347735.24","-1998209.9","8800408.56","1722831.49","1691302.01","0.465188926","32180.0","242082979402.0","242082979402.0","265792223824.0","2789.07","2789.07","0.0","0.0","2789.07","82.0","303.43","26.8","1.0","27.0","19.0","26.8","2.66","14.48","1.4","18.09","14.0","21.0","0.0","829.0","9.0","0.0","43.07","46.08","2710.68","0.0","0.0","0.0","1121.57","0.402130459","17.41","364987870.0","368504040.0","51787293.0","376391676.0","376391676.0","39277810.0","415669487.0","29282.0","0.47820417","0.747265968","55.9","181.33","87.43","71.0","18.0","1.0","0.0","0.0","3.0"
"43737.0","Centerville City SD","Montgomery","57.0","1.0","9759275.95","7242689.67","0.0","0.0","219607.23","162977.97","30145.62","22372.09","34631.71","25701.36","392082.2","290977.5","2871355.6","2130930.38","1347687.52","1347687.52","213027.93","213027.93","14867813.76","11436364.42","10763637.1","0.0","11436364.42","364611.33","383398.04","748009.37","-1044018.59","-160896.0","-719348.97","-153581.9","-282403.0","-2902.53","-2363150.99","9821222.8","1722831.49","1691302.01","0.465188926","32180.0","242082979402.0","242082979402.0","265792223824.0","7968.44","7968.44","0.0","0.0","7968.44","127.5","580.46","62.04","5.0","43.0","105.52","87.75","88.83","26.23","32.57","28.69","25.4","87.2","35.0","1966.86","17.36","0.0","39.09","76.51","7854.55","3.5","4.56","0.0","1162.25","0.145856655","22.32","2361161533.0","1655911837.0","4802430.0","1681445050.0","1681445050.0","141230400.0","1822675450.0","45614.0","0.213183829","0.09830911","0.0","26.5","116.78","37.0","38.0","0.0","1.0","2.0","4.0"
"43745.0","Chillicothe City SD","Ross","71.0","1.0","10370912.66","7603503.03","1462910.43","1072542.43","157296.37","115322.87","1398677.94","1025449.96","0.0","0.0","160012.65","117314.33","381768.07","279895.78","1124482.39","1124482.39","0.0","0.0","15056060.51","11338510.79","10671539.57","0.0","11338510.79","182232.94","70956.37","253189.31","-18004.61","-2395810.61","-597484.28","0.0","-57279.0","-40367.35","-3108945.85","8482754.25","1722831.49","1691302.01","0.465188926","32180.0","242082979402.0","242082979402.0","265792223824.0","3416.12","3416.12","0.0","156.98","3290.53","50.8","214.58","11.76","1.0","26.88","24.18","0.0","0.0","0.0","0.0","0.0","0.0","0.0","0.0","1033.54","15.94","0.0","0.0","92.61","3195.42","0.5","2.0","0.0","2381.43","0.697115441","66.09","412147271.0","377375220.0","3955413.0","399931873.0","399931873.0","75866780.0","475798653.0","26877.0","0.548606677","2.24569447","232.48","660.63","91.22","8.0","27.0","0.0","0.0","0.0","1.0"
"43752.0","Cincinnati City SD","Hamilton","31.0","1.0","112707870.17","101742473.78","5123471.97","4625007.21","2260216.06","2040318.68","17414967.6","15720658.03","826164.47","745786.57","1657707.7","1496428.61","6641723.38","5995547.31","17536104.4","17536104.4","604749.29","604749.29","164772975.04","150507073.88","141653716.61","0.0","150507073.88","963080.83","2839890.07","3802970.9","-194730.71","799324.25","-56673410.57","0.0","-15984124.45","-17777.88","-72070719.36","82239325.42","1722831.49","1691302.01","0.465188926","32180.0","242082979402.0","242082979402.0","265792223824.0","42663.46","42663.46","0.0","22.39","42645.54","594.33","4004.29","656.58","26.0","486.36","310.43","151.88","56.88","119.05","41.18","0.15","251.35","1119.53","220.0","15887.54","136.72","4.47","7602.5","897.94","32171.7","224.14","23.99","3630.36","29656.59","0.695128571","663.21","7130879444.0","5870897090.0","1690067.0","6177200016.0","6177200016.0","1961843530.0","8139043547.0","28294.0","0.459986486","2.232911668","526.2","379.85","8029.92","15.0","145.0","7.0","1.0","7.0","9.0"
"43760.0","Circleville City SD","Pickaway","65.0","1.0","6510804.59","6510804.59","1049349.94","1049349.94","99038.4","99038.4","900015.71","900015.71","546.75","546.75","98806.95","98806.95","373070.11","373070.11","801013.87","801013.87","760.67","760.67","9833406.99","9833406.99","9382522.21","0.0","9833406.99","82900.42","0.0","82900.42","-472767.93","-167728.14","-739785.39","0.0","-28404.0","22267.6","-1386417.86","8529889.55","1722831.49","1691302.01","0.465188926","32180.0","242082979402.0","242082979402.0","265792223824.0","2183.75","2183.75","0.0","135.45","2075.39","27.9","233.15","5.89","0.0","10.67","12.51","0.28","0.0","0.0","0.0","0.0","0.0","0.89","0.0","655.28","13.25","0.0","13.7","93.1","1971.16","0.5","0.35","0.0","1537.17","0.703912994","75.94","253367800.0","245047257.0","12269910.0","257251026.0","257251026.0","51040790.0","308291817.0","26814.0","0.546065713","2.289703401","73.89","98.23","105.97","9.0","5.0","0.0","1.0","0.0","1.0"
"43778.0","Claymont City SD","Tuscarawas","79.0","1.0","9284464.44","7838076.81","3286524.23","2774530.46","120099.54","101389.74","509477.14","430107.84","1773.75","1497.42","99420.1","83931.87","650841.11","549449.31","1546555.36","1546555.36","45758.09","45758.09","15544913.76","13371296.9","12584750.02","0.0","13371296.9","172337.73","28386.55","200724.28","-164823.33","143800.98","-338238.7","0.0","0.0","-3588.28","-362849.33","13209171.85","1722831.49","1691302.01","0.465188926","32180.0","242082979402.0","242082979402.0","265792223824.0","2118.95","2118.95","0.0","86.16","2050.02","63.0","247.47","13.0","0.0","25.0","16.0","8.23","0.0","0.0","0.0","12.0","0.0","2.0","0.0","659.5","8.7","0.0","3.0","53.52","1994.25","0.0","0.0","0.0","1238.31","0.584397933","38.22","176383518.0","138922470.0","17843953.0","149927080.0","149927080.0","16552790.0","166479870.0","25559.0","0.78833122","1.578187529","189.0","166.5","53.28","28.0","3.0","0.0","0.0","0.0","2.0"
"43786.0","Cleveland Municipal SD","Cuyahoga","18.0","1.0","224123533.39","224123533.39","36508205.51","36508205.51","3273490.57","3273490.57","54980484.62","54980484.62","2425097.32","2425097.32","1796298.4","1796298.4","5750259.3","5750259.3","42158333.35","42158333.35","1875701.79","1875701.79","372891404.25","372891404.25","414860088.29","41968684.04","414860088.29","3644774.22","2101726.25","5746500.47","0.0","917425.67","-141133983.91","0.0","-13576760.0","-85198.25","-153878516.49","266728072.27","1722831.49","1691302.01","0.465188926","32180.0","242082979402.0","242082979402.0","265792223824.0","55712.8","55712.8","0.0","1.4","55711.68","469.64","6520.05","1149.48","57.4","594.96","555.55","272.78","122.58","321.19","32.95","60.85","612.34","2016.91","381.4","19119.34","254.86","2.66","17299.98","2090.37","40576.52","59.0","11.46","2.0","52154.92","0.936138912","1684.79","4787290551.0","5188621000.0","138647.0","4890491257.0","5447338013.0","3130068800.0","8577406813.0","22426.0","0.700213432","4.049690751","636.3","463.06","18345.91","151.0","267.0","27.0","3.0","41.0","73.0"
