"District IRN","District Name","County","No. Third graders enrolled at end of school year and accountable to district","Perc. Exempt from TGRG promotion threshold","No. Subject to TGRG promotion threshold","Perc. Met promotion threshold","No. Did not meet promotion threshold"
"000442","Manchester Local","Adams","64.0","0.046875","61.0","1.0","0.0"
"045757","Allen East Local","Allen","81.0","0.037037037037037035","78.0","1.0","0.0"
"045765","Bath Local","Allen","154.0","0.032467532467532464","149.0","1.0","0.0"
"045211","Bluffton Exempted Village","Allen","90.0","0.011111111111111112","89.0","1.0","0.0"
"043885","Delphos City","Allen","87.0","0.05747126436781609","82.0","1.0","0.0"
"045773","Elida Local","Allen","212.0","0.06132075471698113","199.0","0.9949748743718593","0.005025125628140704"
"044222","Lima City","Allen","283.0","0.10600706713780919","253.0","0.9446640316205533","0.05533596837944664"
"045781","Perry Local","Allen","62.0","0.016129032258064516","61.0","0.8524590163934426","0.14754098360655737"
"045799","Shawnee Local","Allen","164.0","0.012195121951219513","162.0","1.0","0.0"
"045807","Spencerville Local","Allen","70.0","0.02857142857142857","68.0","0.9705882352941176","0.029411764705882353"
"043505","Ashland City","Ashland","219.0","0.0639269406392694","205.0","0.9951219512195122","0.004878048780487805"
"045823","Hillsdale Local","Ashland","73.0","0.0273972602739726","71.0","1.0","0.0"
"045468","Loudonville-Perrysville Exempted Village","Ashland","73.0","0.0136986301369863","72.0","1.0","0.0"
"045831","Mapleton Local","Ashland","63.0","0.047619047619047616","60.0","1.0","0.0"
"043513","Ashtabula Area City","Ashtabula","247.0","0.12550607287449392","216.0","0.9351851851851852","0.06481481481481481"
"045856","Buckeye Local","Ashtabula","136.0","0.029411764705882353","132.0","0.9621212121212122","0.03787878787878788"
"043810","Conneaut Area City","Ashtabula","123.0","0.016260162601626018","121.0","1.0","0.0"
"044057","Geneva Area City","Ashtabula","163.0","0.05521472392638037","154.0","0.948051948051948","0.05194805194805195"
"045864","Grand Valley Local","Ashtabula","101.0","0.0594059405940594","95.0","0.9894736842105263","0.010526315789473684"
"045872","Jefferson Area Local","Ashtabula","125.0","0.064","117.0","0.9914529914529915","0.008547008547008548"
"045880","Pymatuning Valley Local","Ashtabula","104.0","0.04807692307692308","99.0","0.9191919191919192","0.08080808080808081"
"045906","Alexander Local","Athens","122.0","0.08196721311475409","112.0","1.0","0.0"
"043521","Athens City","Athens","175.0","0.06285714285714286","164.0","0.9939024390243902","0.006097560975609756"
"045914","Federal Hocking Local","Athens","82.0","0.08536585365853659","75.0","1.0","0.0"
"044446","Nelsonville-York City","Athens","87.0","0.06896551724137931","81.0","0.9876543209876543","0.012345679012345678"
"045922","Trimble Local","Athens","57.0","0.22807017543859648","44.0","0.9318181818181818","0.06818181818181818"
"045948","Minster Local","Auglaize","55.0","0.01818181818181818","54.0","1.0","0.0"
"045955","New Bremen Local","Auglaize","63.0","0.06349206349206349","59.0","1.0","0.0"
"045963","New Knoxville Local","Auglaize","21.0","0.0","21.0","1.0","0.0"
"044727","St Marys City","Auglaize","152.0","0.06578947368421052","142.0","1.0","0.0"
"044982","Wapakoneta City","Auglaize","254.0","0.047244094488188976","242.0","0.9958677685950413","0.004132231404958678"
"045971","Waynesfield-Goshen Local","Auglaize","35.0","0.0","35.0","1.0","0.0"
"045203","Barnesville Exempted Village","Belmont","104.0","0.04807692307692308","99.0","0.98989898989899","0.010101010101010102"
"043570","Bellaire Local","Belmont","95.0","0.010526315789473684","94.0","1.0","0.0"
"045237","Bridgeport Exempted Village","Belmont","56.0","0.07142857142857142","52.0","0.9423076923076923","0.057692307692307696"
"044347","Martins Ferry City","Belmont","96.0","0.020833333333333332","94.0","0.9680851063829787","0.031914893617021274"
"046003","Shadyside Local","Belmont","54.0","0.037037037037037035","52.0","1.0","0.0"
"045997","St Clairsville-Richland City","Belmont","101.0","0.019801980198019802","99.0","0.9797979797979798","0.020202020202020204"
"046011","Union Local","Belmont","103.0","0.04854368932038835","98.0","0.9795918367346939","0.02040816326530612"
"046037","Eastern Local","Brown","94.0","0.05319148936170213","89.0","0.9550561797752809","0.0449438202247191"
"046045","Fayetteville-Perry Local","Brown","62.0","0.03225806451612903","60.0","0.9666666666666667","0.03333333333333333"
"045377","Georgetown Exempted Village","Brown","74.0","0.02702702702702703","72.0","0.9722222222222222","0.027777777777777776"
"046078","Ripley-Union-Lewis-Huntington Local","Brown","54.0","0.07407407407407407","50.0","0.9","0.1"
"046060","Western Brown Local","Brown","248.0","0.08064516129032258","228.0","0.9385964912280702","0.06140350877192982"
"046094","Edgewood City","Butler","267.0","0.09737827715355805","241.0","0.966804979253112","0.03319502074688797"
"046102","Fairfield City","Butler","734.0","0.055858310626702996","693.0","0.9884559884559885","0.011544011544011544"
"044107","Hamilton City","Butler","717.0","0.0599721059972106","674.0","0.9777448071216617","0.02225519287833828"
"046110","Lakota Local","Butler","1193.0","0.03436714165968147","1152.0","0.9947916666666666","0.005208333333333333"
"046128","Madison Local","Butler","104.0","0.028846153846153848","101.0","0.9900990099009901","0.009900990099009901"
"044404","Middletown City","Butler","483.0","0.08695652173913043","441.0","0.9410430839002267","0.05895691609977324"
"139303","Monroe Local","Butler","188.0","0.05851063829787234","177.0","0.9661016949152542","0.03389830508474576"
"046136","New Miami Local","Butler","52.0","0.038461538461538464","50.0","0.9","0.1"
"046144","Ross Local","Butler","205.0","0.02926829268292683","199.0","0.9949748743718593","0.005025125628140704"
"046151","Talawanda City","Butler","181.0","0.03314917127071823","175.0","1.0","0.0"
"046177","Brown Local","Carroll","37.0","0.08108108108108109","34.0","0.9705882352941176","0.029411764705882353"
"045278","Carrollton Exempted Village","Carroll","162.0","0.06790123456790123","151.0","0.9536423841059603","0.046357615894039736"
"046193","Graham Local","Champaign","165.0","0.05454545454545454","156.0","0.9935897435897436","0.00641025641025641"
"045484","Mechanicsburg Exempted Village","Champaign","59.0","0.03389830508474576","57.0","1.0","0.0"
"046201","Triad Local","Champaign","64.0","0.03125","62.0","0.967741935483871","0.03225806451612903"
"044941","Urbana City","Champaign","150.0","0.11333333333333333","133.0","0.9849624060150376","0.015037593984962405"
"046219","West Liberty-Salem Local","Champaign","75.0","0.05333333333333334","71.0","1.0","0.0"
"046284","Clark-Shawnee Local","Clark","125.0","0.024","122.0","1.0","0.0"
"046235","Greenon Local","Clark","118.0","0.0423728813559322","113.0","1.0","0.0"
"046250","Northeastern Local","Clark","237.0","0.05485232067510549","224.0","0.9910714285714286","0.008928571428571428"
"046268","Northwestern Local","Clark","112.0","0.03571428571428571","108.0","1.0","0.0"
"046276","Southeastern Local","Clark","57.0","0.07017543859649122","53.0","1.0","0.0"
"044818","Springfield City","Clark","523.0","0.11089866156787763","465.0","0.9483870967741935","0.05161290322580645"
"046243","Tecumseh Local","Clark","189.0","0.05291005291005291","179.0","0.9776536312849162","0.0223463687150838"
"046300","Batavia Local","Clermont","158.0","0.04430379746835443","151.0","0.9933774834437086","0.006622516556291391"
"046318","Bethel-Tate Local","Clermont","109.0","0.027522935779816515","106.0","1.0","0.0"
"046326","Clermont Northeastern Local","Clermont","99.0","0.0707070707070707","92.0","0.9782608695652174","0.021739130434782608"
"046334","Felicity-Franklin Local","Clermont","81.0","0.06172839506172839","76.0","0.9736842105263158","0.02631578947368421"
"046342","Goshen Local","Clermont","189.0","0.06349206349206349","177.0","1.0","0.0"
"045500","Milford Exempted Village","Clermont","478.0","0.04184100418410042","458.0","1.0","0.0"
"045559","New Richmond Exempted Village","Clermont","166.0","0.05421686746987952","157.0","0.9936305732484076","0.006369426751592357"
"046359","West Clermont Local","Clermont","611.0","0.02127659574468085","598.0","0.9832775919732442","0.016722408026755852"
"046367","Williamsburg Local","Clermont","67.0","0.04477611940298507","64.0","0.984375","0.015625"
"046383","Blanchester Local","Clinton","139.0","0.07194244604316546","129.0","0.9767441860465116","0.023255813953488372"
"046391","Clinton-Massie Local","Clinton","138.0","0.050724637681159424","131.0","0.9770992366412213","0.022900763358778626"
"046409","East Clinton Local","Clinton","96.0","0.010416666666666666","95.0","0.968421052631579","0.031578947368421054"
"045112","Wilmington City","Clinton","196.0","0.061224489795918366","184.0","0.9239130434782609","0.07608695652173914"
"046425","Beaver Local","Columbiana","122.0","0.03278688524590164","118.0","0.9915254237288136","0.00847457627118644"
"045328","Columbiana Exempted Village","Columbiana","76.0","0.039473684210526314","73.0","1.0","0.0"
"046433","Crestview Local","Columbiana","102.0","0.029411764705882353","99.0","0.98989898989899","0.010101010101010102"
"043919","East Liverpool City","Columbiana","140.0","0.05","133.0","0.7744360902255639","0.22556390977443608"
"043927","East Palestine City","Columbiana","78.0","0.01282051282051282","77.0","0.987012987012987","0.012987012987012988"
"045443","Leetonia Exempted Village","Columbiana","44.0","0.06818181818181818","41.0","1.0","0.0"
"045450","Lisbon Exempted Village","Columbiana","46.0","0.021739130434782608","45.0","1.0","0.0"
"044735","Salem City","Columbiana","140.0","0.03571428571428571","135.0","0.9925925925925926","0.007407407407407408"
"046441","Southern Local","Columbiana","59.0","0.01694915254237288","58.0","1.0","0.0"
"046458","United Local","Columbiana","92.0","0.07608695652173914","85.0","1.0","0.0"
"045039","Wellsville Local","Columbiana","62.0","0.06451612903225806","58.0","0.9827586206896551","0.017241379310344827"
"043828","Coshocton City","Coshocton","115.0","0.034782608695652174","111.0","0.990990990990991","0.009009009009009009"
"046474","Ridgewood Local","Coshocton","113.0","0.07079646017699115","105.0","1.0","0.0"
"046482","River View Local","Coshocton","158.0","0.03164556962025317","153.0","0.9934640522875817","0.006535947712418301"
"046508","Buckeye Central Local","Crawford","42.0","0.07142857142857142","39.0","1.0","0.0"
"043687","Bucyrus City","Crawford","114.0","0.15789473684210525","96.0","0.9791666666666666","0.020833333333333332"
"046516","Colonel Crawford Local","Crawford","62.0","0.0","62.0","0.9516129032258065","0.04838709677419355"
"045344","Crestline Exempted Village","Crawford","33.0","0.030303030303030304","32.0","0.9375","0.0625"
"044024","Galion City","Crawford","159.0","0.06918238993710692","148.0","0.9797297297297297","0.02027027027027027"
"046524","Wynford Local","Crawford","87.0","0.04597701149425287","83.0","0.9879518072289156","0.012048192771084338"
"043547","Bay Village City","Cuyahoga","182.0","0.01098901098901099","180.0","1.0","0.0"
"043554","Beachwood City","Cuyahoga","80.0","0.0375","77.0","1.0","0.0"
"043562","Bedford City","Cuyahoga","240.0","0.06666666666666667","224.0","0.9732142857142857","0.026785714285714284"
"043612","Berea City","Cuyahoga","462.0","0.049783549783549784","439.0","1.0","0.0"
"043646","Brecksville-Broadview Heights City","Cuyahoga","244.0","0.045081967213114756","233.0","0.9957081545064378","0.004291845493562232"
"043653","Brooklyn City","Cuyahoga","104.0","0.11538461538461539","92.0","0.9565217391304348","0.043478260869565216"
"045286","Chagrin Falls Exempted Village","Cuyahoga","140.0","0.014285714285714285","138.0","1.0","0.0"
"043794","Cleveland Heights-University Heights City","Cuyahoga","401.0","0.06234413965087282","376.0","0.9707446808510638","0.02925531914893617"
"043786","Cleveland Municipal City","Cuyahoga","2828.0","0.06753889674681754","2637.0","0.8536215396283656","0.14637846037163443"
"046557","Cuyahoga Heights Local","Cuyahoga","65.0","0.03076923076923077","63.0","1.0","0.0"
"043901","East Cleveland City","Cuyahoga","146.0","0.1232876712328767","128.0","0.8359375","0.1640625"
"043950","Euclid City","Cuyahoga","326.0","0.07975460122699386","300.0","0.9","0.1"
"043976","Fairview Park City","Cuyahoga","107.0","0.06542056074766354","100.0","1.0","0.0"
"044040","Garfield Heights City","Cuyahoga","214.0","0.17289719626168223","177.0","0.9661016949152542","0.03389830508474576"
"046565","Independence Local","Cuyahoga","65.0","0.015384615384615385","64.0","1.0","0.0"
"044198","Lakewood City","Cuyahoga","396.0","0.0707070707070707","368.0","0.9619565217391305","0.03804347826086957"
"044305","Maple Heights City","Cuyahoga","239.0","0.10460251046025104","214.0","0.8925233644859814","0.10747663551401869"
"044370","Mayfield City","Cuyahoga","248.0","0.008064516129032258","246.0","0.959349593495935","0.04065040650406504"
"044529","North Olmsted City","Cuyahoga","275.0","0.01818181818181818","270.0","0.9851851851851852","0.014814814814814815"
"044545","North Royalton City","Cuyahoga","284.0","0.03873239436619718","273.0","0.9963369963369964","0.003663003663003663"
"046573","Olmsted Falls City","Cuyahoga","260.0","0.038461538461538464","250.0","0.988","0.012"
"046581","Orange City","Cuyahoga","132.0","0.06060606060606061","124.0","0.9919354838709677","0.008064516129032258"
"044636","Parma City","Cuyahoga","686.0","0.030612244897959183","665.0","0.9218045112781955","0.07819548872180451"
"046599","Richmond Heights Local","Cuyahoga","50.0","0.12","44.0","0.9772727272727273","0.022727272727272728"
"044701","Rocky River City","Cuyahoga","207.0","0.014492753623188406","204.0","1.0","0.0"
"044750","Shaker Heights City","Cuyahoga","349.0","0.04011461318051576","335.0","0.9970149253731343","0.0029850746268656717"
"046607","Solon City","Cuyahoga","337.0","0.01483679525222552","332.0","0.9939759036144579","0.006024096385542169"
"044792","South Euclid-Lyndhurst City","Cuyahoga","243.0","0.06584362139917696","227.0","0.986784140969163","0.013215859030837005"
"044842","Strongsville City","Cuyahoga","352.0","0.017045454545454544","346.0","1.0","0.0"
"045005","Warrensville Heights City","Cuyahoga","99.0","0.21212121212121213","78.0","0.7948717948717948","0.20512820512820512"
"045062","Westlake City","Cuyahoga","247.0","0.06477732793522267","231.0","1.0","0.0"
"046623","Ansonia Local","Darke","59.0","0.03389830508474576","57.0","0.9824561403508771","0.017543859649122806"
"046631","Arcanum-Butler Local","Darke","81.0","0.012345679012345678","80.0","0.9875","0.0125"
"046649","Franklin Monroe Local","Darke","38.0","0.02631578947368421","37.0","1.0","0.0"
"044099","Greenville City","Darke","192.0","0.078125","177.0","0.9548022598870056","0.04519774011299435"
"046672","Mississinawa Valley Local","Darke","46.0","0.17391304347826086","38.0","1.0","0.0"
"046680","Tri-Village Local","Darke","69.0","0.0","69.0","0.9855072463768116","0.014492753623188406"
"045633","Versailles Exempted Village","Darke","94.0","0.02127659574468085","92.0","1.0","0.0"
"046706","Ayersville Local","Defiance","40.0","0.0","40.0","1.0","0.0"
"046714","Central Local","Defiance","71.0","0.07042253521126761","66.0","0.9848484848484849","0.015151515151515152"
"043869","Defiance City","Defiance","178.0","0.06179775280898876","167.0","0.9940119760479041","0.005988023952095809"
"045419","Hicksville Exempted Village","Defiance","67.0","0.014925373134328358","66.0","0.9696969696969697","0.030303030303030304"
"046722","Northeastern Local","Defiance","79.0","0.05063291139240506","75.0","1.0","0.0"
"046748","Big Walnut Local","Delaware","250.0","0.024","244.0","0.9836065573770492","0.01639344262295082"
"046755","Buckeye Valley Local","Delaware","145.0","0.013793103448275862","143.0","0.986013986013986","0.013986013986013986"
"043877","Delaware City","Delaware","407.0","0.05896805896805897","383.0","0.9869451697127938","0.013054830287206266"
"046763","Olentangy Local","Delaware","1536.0","0.022786458333333332","1501.0","0.9993337774816788","0.0006662225183211193"
"046789","Edison Local","Erie","100.0","0.04","96.0","0.9583333333333334","0.041666666666666664"
"044131","Huron City","Erie","94.0","0.02127659574468085","92.0","0.9782608695652174","0.021739130434782608"
"046805","Margaretta Local","Erie","99.0","0.04040404040404041","95.0","1.0","0.0"
"046813","Perkins Local","Erie","152.0","0.039473684210526314","146.0","1.0","0.0"
"044743","Sandusky City","Erie","252.0","0.04365079365079365","241.0","0.9626556016597511","0.03734439834024896"
"046821","Vermilion Local","Erie","134.0","0.05970149253731343","126.0","1.0","0.0"
"046847","Amanda-Clearcreek Local","Fairfield","117.0","0.03418803418803419","113.0","0.9911504424778761","0.008849557522123894"
"046854","Berne Union Local","Fairfield","64.0","0.046875","61.0","0.9836065573770492","0.01639344262295082"
"046862","Bloom-Carroll Local","Fairfield","135.0","0.022222222222222223","132.0","0.9696969696969697","0.030303030303030304"
"046870","Fairfield Union Local","Fairfield","118.0","0.13559322033898305","102.0","1.0","0.0"
"044206","Lancaster City","Fairfield","433.0","0.07390300230946882","401.0","0.9775561097256857","0.022443890274314215"
"046888","Liberty Union-Thurston Local","Fairfield","100.0","0.03","97.0","1.0","0.0"
"046896","Pickerington Local","Fairfield","740.0","0.05675675675675676","698.0","0.997134670487106","0.0028653295128939827"
"046904","Walnut Township Local","Fairfield","44.0","0.045454545454545456","42.0","0.9761904761904762","0.023809523809523808"
"046920","Miami Trace Local","Fayette","201.0","0.06467661691542288","188.0","0.9893617021276596","0.010638297872340425"
"045013","Washington Court House City","Fayette","183.0","0.07650273224043716","169.0","0.9585798816568047","0.04142011834319527"
"043620","Bexley City","Franklin","156.0","0.00641025641025641","155.0","0.9935483870967742","0.0064516129032258064"
"046946","Canal Winchester Local","Franklin","269.0","0.011152416356877323","266.0","1.0","0.0"
"043802","Columbus City","Franklin","3863.0","0.09681594615583743","3489.0","0.8764689022642591","0.1235310977357409"
"047027","Dublin City","Franklin","1048.0","0.042938931297709926","1003.0","0.9940179461615155","0.005982053838484547"
"046961","Gahanna-Jefferson City","Franklin","524.0","0.02862595419847328","509.0","0.9823182711198428","0.01768172888015717"
"044073","Grandview Heights City","Franklin","79.0","0.012658227848101266","78.0","1.0","0.0"
"046979","Groveport Madison Local","Franklin","414.0","0.05555555555555555","391.0","0.9667519181585678","0.03324808184143223"
"046953","Hamilton Local","Franklin","200.0","0.1","180.0","0.9777777777777777","0.022222222222222223"
"047019","Hilliard City","Franklin","1144.0","0.045454545454545456","1092.0","0.9963369963369964","0.003663003663003663"
"046995","New Albany-Plain Local","Franklin","390.0","0.041025641025641026","374.0","1.0","0.0"
"047001","Reynoldsburg City","Franklin","485.0","0.04329896907216495","464.0","0.9719827586206896","0.028017241379310345"
"044800","South-Western City","Franklin","1459.0","0.05277587388622344","1382.0","0.9319826338639653","0.06801736613603473"
"044933","Upper Arlington City","Franklin","382.0","0.015706806282722512","376.0","1.0","0.0"
"045047","Westerville City","Franklin","1052.0","0.03326996197718631","1017.0","0.9941002949852508","0.0058997050147492625"
"045070","Whitehall City","Franklin","222.0","0.10810810810810811","198.0","0.9090909090909091","0.09090909090909091"
"045138","Worthington City","Franklin","670.0","0.04776119402985075","638.0","1.0","0.0"
"047043","Archbold-Area Local","Fulton","93.0","0.03225806451612903","90.0","1.0","0.0"
"047050","Evergreen Local","Fulton","82.0","0.036585365853658534","79.0","1.0","0.0"
"047068","Fayette Local","Fulton","19.0","0.05263157894736842","18.0","1.0","0.0"
"047076","Pettisville Local","Fulton","32.0","0.09375","29.0","1.0","0.0"
"047084","Pike-Delta-York Local","Fulton","95.0","0.07368421052631578","88.0","1.0","0.0"
"047092","Swanton Local","Fulton","86.0","0.05813953488372093","81.0","1.0","0.0"
"045641","Wauseon Exempted Village","Fulton","121.0","0.0","121.0","1.0","0.0"
"065680","Gallia County Local","Gallia","160.0","0.08125","147.0","0.9591836734693877","0.04081632653061224"
"044032","Gallipolis City","Gallia","156.0","0.04487179487179487","149.0","0.9731543624161074","0.026845637583892617"
"047167","Berkshire Local","Geauga","65.0","0.0","65.0","0.9230769230769231","0.07692307692307693"
"047175","Cardinal Local","Geauga","88.0","0.056818181818181816","83.0","1.0","0.0"
"047183","Chardon Local","Geauga","219.0","0.0228310502283105","214.0","1.0","0.0"
"047191","Kenston Local","Geauga","209.0","0.03349282296650718","202.0","0.9801980198019802","0.019801980198019802"
"047209","Ledgemont Local","Geauga","26.0","0.19230769230769232","21.0","1.0","0.0"
"047217","Newbury Local","Geauga","31.0","0.06451612903225806","29.0","1.0","0.0"
"047225","West Geauga Local","Geauga","138.0","0.057971014492753624","130.0","1.0","0.0"
"047241","Beavercreek City","Greene","524.0","0.030534351145038167","508.0","0.9921259842519685","0.007874015748031496"
"047274","Bellbrook-Sugarcreek Local","Greene","184.0","0.03260869565217391","178.0","0.9887640449438202","0.011235955056179775"
"047258","Cedar Cliff Local","Greene","36.0","0.027777777777777776","35.0","1.0","0.0"
"043968","Fairborn City","Greene","330.0","0.06363636363636363","309.0","0.9644012944983819","0.03559870550161812"
"047266","Greeneview Local","Greene","92.0","0.021739130434782608","90.0","0.9777777777777777","0.022222222222222223"
"045153","Xenia Community City","Greene","310.0","0.08064516129032258","285.0","0.9824561403508771","0.017543859649122806"
"045674","Yellow Springs Exempted Village","Greene","46.0","0.043478260869565216","44.0","1.0","0.0"
"043695","Cambridge City","Guernsey","167.0","0.07784431137724551","154.0","0.9675324675324676","0.032467532467532464"
"069682","East Guernsey Local","Guernsey","69.0","0.057971014492753624","65.0","1.0","0.0"
"047308","Rolling Hills Local","Guernsey","113.0","0.10619469026548672","101.0","0.9801980198019802","0.019801980198019802"
"043752","Cincinnati City","Hamilton","2333.0","0.07672524646378054","2154.0","0.9712163416898792","0.028783658310120707"
"043851","Deer Park Community City","Hamilton","82.0","0.036585365853658534","79.0","1.0","0.0"
"047332","Finneytown Local","Hamilton","101.0","0.1188118811881188","89.0","1.0","0.0"
"047340","Forest Hills Local","Hamilton","530.0","0.026415094339622643","516.0","0.998062015503876","0.001937984496124031"
"045435","Indian Hill Exempted Village","Hamilton","125.0","0.008","124.0","1.0","0.0"
"044230","Lockland Local","Hamilton","29.0","0.13793103448275862","25.0","0.84","0.16"
"044271","Loveland City","Hamilton","307.0","0.009771986970684038","304.0","1.0","0.0"
"044289","Madeira City","Hamilton","110.0","0.02727272727272727","107.0","1.0","0.0"
"044313","Mariemont City","Hamilton","139.0","0.03597122302158273","134.0","0.9925373134328358","0.007462686567164179"
"044412","Mt Healthy City","Hamilton","247.0","0.05263157894736842","234.0","0.9829059829059829","0.017094017094017096"
"044511","North College Hill City","Hamilton","111.0","0.10810810810810811","99.0","0.9696969696969697","0.030303030303030304"
"047365","Northwest Local","Hamilton","649.0","0.0724191063174114","602.0","0.9966777408637874","0.0033222591362126247"
"044578","Norwood City","Hamilton","147.0","0.10884353741496598","131.0","0.9770992366412213","0.022900763358778626"
"047373","Oak Hills Local","Hamilton","549.0","0.04735883424408015","523.0","1.0","0.0"
"044677","Princeton City","Hamilton","409.0","0.08068459657701711","376.0","0.976063829787234","0.023936170212765957"
"044693","Reading Community City","Hamilton","122.0","0.00819672131147541","121.0","1.0","0.0"
"047381","Southwest Local","Hamilton","256.0","0.01953125","251.0","1.0","0.0"
"044719","St Bernard-Elmwood Place City","Hamilton","58.0","0.08620689655172414","53.0","1.0","0.0"
"044867","Sycamore Community City","Hamilton","359.0","0.027855153203342618","349.0","0.997134670487106","0.0028653295128939827"
"047399","Three Rivers Local","Hamilton","161.0","0.031055900621118012","156.0","0.9935897435897436","0.00641025641025641"
"044081","Winton Woods City","Hamilton","236.0","0.1059322033898305","211.0","0.9146919431279621","0.08530805687203792"
"045146","Wyoming City","Hamilton","139.0","0.014388489208633094","137.0","1.0","0.0"
"047415","Arcadia Local","Hancock","42.0","0.023809523809523808","41.0","1.0","0.0"
"047423","Arlington Local","Hancock","33.0","0.06060606060606061","31.0","1.0","0.0"
"047431","Cory-Rawson Local","Hancock","39.0","0.02564102564102564","38.0","1.0","0.0"
"043984","Findlay City","Hancock","389.0","0.02570694087403599","379.0","0.9868073878627969","0.013192612137203167"
"047449","Liberty-Benton Local","Hancock","96.0","0.010416666666666666","95.0","1.0","0.0"
"047456","McComb Local","Hancock","45.0","0.0","45.0","1.0","0.0"
"047514","Riverdale Local","Hancock","73.0","0.1095890410958904","65.0","0.9846153846153847","0.015384615384615385"
"047464","Van Buren Local","Hancock","80.0","0.0375","77.0","1.0","0.0"
"047472","Vanlue Local","Hancock","20.0","0.05","19.0","0.9473684210526315","0.05263157894736842"
"045187","Ada Exempted Village","Hardin","75.0","0.013333333333333334","74.0","0.9864864864864865","0.013513513513513514"
"047498","Hardin Northern Local","Hardin","31.0","0.0","31.0","1.0","0.0"
"044172","Kenton City","Hardin","130.0","0.07692307692307693","120.0","0.9916666666666667","0.008333333333333333"
"047506","Ridgemont Local","Hardin","43.0","0.06976744186046512","40.0","0.975","0.025"
"047522","Upper Scioto Valley Local","Hardin","29.0","0.1724137931034483","24.0","1.0","0.0"
"047548","Conotton Valley Union Local","Harrison","38.0","0.0","38.0","1.0","0.0"
"045245","Harrison Hills City","Harrison","106.0","0.02830188679245283","103.0","0.9902912621359223","0.009708737864077669"
"047571","Holgate Local","Henry","26.0","0.0","26.0","1.0","0.0"
"047589","Liberty Center Local","Henry","74.0","0.12162162162162163","65.0","1.0","0.0"
"044438","Napoleon Area City","Henry","124.0","0.06451612903225806","116.0","1.0","0.0"
"047597","Patrick Henry Local","Henry","59.0","0.06779661016949153","55.0","1.0","0.0"
"047613","Bright Local","Highland","49.0","0.02040816326530612","48.0","1.0","0.0"
"047621","Fairfield Local","Highland","72.0","0.013888888888888888","71.0","1.0","0.0"
"045401","Greenfield Exempted Village","Highland","136.0","0.10294117647058823","122.0","1.0","0.0"
"044123","Hillsboro City","Highland","175.0","0.10285714285714286","157.0","0.9681528662420382","0.03184713375796178"
"047639","Lynchburg-Clay Local","Highland","95.0","0.042105263157894736","91.0","1.0","0.0"
"044248","Logan-Hocking Local","Hocking","268.0","0.08955223880597014","244.0","0.9672131147540983","0.03278688524590164"
"047688","East Holmes Local","Holmes","168.0","0.07738095238095238","155.0","0.9935483870967742","0.0064516129032258064"
"047696","West Holmes Local","Holmes","169.0","0.07100591715976332","157.0","1.0","0.0"
"043596","Bellevue City","Huron","130.0","0.03076923076923077","126.0","1.0","0.0"
"047712","Monroeville Local","Huron","48.0","0.125","42.0","0.8809523809523809","0.11904761904761904"
"047720","New London Local","Huron","65.0","0.07692307692307693","60.0","0.9166666666666666","0.08333333333333333"
"044560","Norwalk City","Huron","215.0","0.06511627906976744","201.0","0.9303482587064676","0.06965174129353234"
"047738","South Central Local","Huron","58.0","0.0","58.0","1.0","0.0"
"047746","Western Reserve Local","Huron","80.0","0.05","76.0","1.0","0.0"
"045096","Willard City","Huron","105.0","0.14285714285714285","90.0","0.8888888888888888","0.1111111111111111"
"044156","Jackson City","Jackson","180.0","0.027777777777777776","175.0","0.9485714285714286","0.05142857142857143"
"047761","Oak Hill Union Local","Jackson","97.0","0.09278350515463918","88.0","1.0","0.0"
"045021","Wellston City","Jackson","110.0","0.07272727272727272","102.0","0.9607843137254902","0.0392156862745098"
"047787","Buckeye Local","Jefferson","130.0","0.07692307692307693","120.0","1.0","0.0"
"047795","Edison Local","Jefferson","110.0","0.03636363636363636","106.0","0.9905660377358491","0.009433962264150943"
"047803","Indian Creek Local","Jefferson","164.0","0.06707317073170732","153.0","0.9869281045751634","0.013071895424836602"
"044826","Steubenville City","Jefferson","161.0","0.037267080745341616","155.0","0.9935483870967742","0.0064516129032258064"
"044917","Toronto City","Jefferson","63.0","0.015873015873015872","62.0","0.7741935483870968","0.22580645161290322"
"047829","Centerburg Local","Knox","78.0","0.0","78.0","1.0","0.0"
"047837","Danville Local","Knox","36.0","0.0","36.0","1.0","0.0"
"047845","East Knox Local","Knox","64.0","0.03125","62.0","0.967741935483871","0.03225806451612903"
"047852","Fredericktown Local","Knox","94.0","0.06382978723404255","88.0","1.0","0.0"
"044420","Mount Vernon City","Knox","270.0","0.04814814814814815","257.0","0.9961089494163424","0.0038910505836575876"
"045369","Fairport Harbor Exempted Village","Lake","46.0","0.0","46.0","0.9130434782608695","0.08695652173913043"
"047878","Kirtland Local","Lake","78.0","0.01282051282051282","77.0","1.0","0.0"
"047886","Madison Local","Lake","222.0","0.05405405405405406","210.0","0.9809523809523809","0.01904761904761905"
"045492","Mentor Exempted Village","Lake","527.0","0.03795066413662239","507.0","1.0","0.0"
"044628","Painesville City Local","Lake","231.0","0.047619047619047616","220.0","0.9318181818181818","0.06818181818181818"
"047902","Perry Local","Lake","111.0","0.02702702702702703","108.0","1.0","0.0"
"047894","Riverside Local","Lake","343.0","0.04956268221574344","326.0","0.9846625766871165","0.015337423312883436"
"045088","Wickliffe City","Lake","107.0","0.018691588785046728","105.0","0.9904761904761905","0.009523809523809525"
"045104","Willoughby-Eastlake City","Lake","600.0","0.016666666666666666","590.0","0.9779661016949153","0.022033898305084745"
"045294","Chesapeake Union Exempted Village","Lawrence","116.0","0.15517241379310345","98.0","0.9897959183673469","0.01020408163265306"
"047928","Dawson-Bryant Local","Lawrence","92.0","0.021739130434782608","90.0","0.9777777777777777","0.022222222222222223"
"047936","Fairland Local","Lawrence","134.0","0.029850746268656716","130.0","0.9923076923076923","0.007692307692307693"
"044149","Ironton City","Lawrence","114.0","0.06140350877192982","107.0","1.0","0.0"
"047944","Rock Hill Local","Lawrence","105.0","0.05714285714285714","99.0","0.9696969696969697","0.030303030303030304"
"047951","South Point Local","Lawrence","113.0","0.02654867256637168","110.0","0.9272727272727272","0.07272727272727272"
"047969","Symmes Valley Local","Lawrence","61.0","0.08196721311475409","56.0","1.0","0.0"
"045393","Granville Exempted Village","Licking","165.0","0.030303030303030304","160.0","1.0","0.0"
"044115","Heath City","Licking","112.0","0.017857142857142856","110.0","0.990909090909091","0.00909090909090909"
"047985","Johnstown-Monroe Local","Licking","127.0","0.015748031496062992","125.0","0.984","0.016"
"047993","Lakewood Local","Licking","131.0","0.03816793893129771","126.0","0.9841269841269841","0.015873015873015872"
"048009","Licking Heights Local","Licking","292.0","0.0684931506849315","272.0","0.9889705882352942","0.011029411764705883"
"048017","Licking Valley Local","Licking","133.0","0.022556390977443608","130.0","1.0","0.0"
"044453","Newark City","Licking","502.0","0.045816733067729085","479.0","0.954070981210856","0.04592901878914405"
"048025","North Fork Local","Licking","97.0","0.041237113402061855","93.0","0.967741935483871","0.03225806451612903"
"048033","Northridge Local","Licking","98.0","0.030612244897959183","95.0","1.0","0.0"
"048041","Southwest Licking Local","Licking","279.0","0.07885304659498207","257.0","0.9961089494163424","0.0038910505836575876"
"043588","Bellefontaine City","Logan","169.0","0.08875739644970414","154.0","1.0","0.0"
"048074","Benjamin Logan Local","Logan","150.0","0.10666666666666667","134.0","1.0","0.0"
"048082","Indian Lake Local","Logan","115.0","0.043478260869565216","110.0","0.990909090909091","0.00909090909090909"
"048090","Riverside Local","Logan","45.0","0.022222222222222223","44.0","1.0","0.0"
"045195","Amherst Exempted Village","Lorain","244.0","0.06147540983606557","229.0","0.9956331877729258","0.004366812227074236"
"048124","Avon Lake City","Lorain","270.0","0.018518518518518517","265.0","0.9962264150943396","0.0037735849056603774"
"048116","Avon Local","Lorain","359.0","0.03064066852367688","348.0","0.9971264367816092","0.0028735632183908046"
"048132","Clearview Local","Lorain","115.0","0.02608695652173913","112.0","0.9285714285714286","0.07142857142857142"
"048140","Columbia Local","Lorain","52.0","0.0","52.0","1.0","0.0"
"043943","Elyria City","Lorain","433.0","0.12240184757505773","380.0","0.9763157894736842","0.02368421052631579"
"048157","Firelands Local","Lorain","116.0","0.02586206896551724","113.0","1.0","0.0"
"048165","Keystone Local","Lorain","111.0","0.06306306306306306","104.0","0.9903846153846154","0.009615384615384616"
"044263","Lorain City","Lorain","417.0","0.08633093525179857","381.0","0.9238845144356955","0.07611548556430446"
"048173","Midview Local","Lorain","212.0","0.05188679245283019","201.0","0.9850746268656716","0.014925373134328358"
"044537","North Ridgeville City","Lorain","295.0","0.05084745762711865","280.0","0.9928571428571429","0.007142857142857143"
"044594","Oberlin City","Lorain","70.0","0.014285714285714285","69.0","0.9565217391304348","0.043478260869565216"
"044768","Sheffield-Sheffield Lake City","Lorain","117.0","0.03418803418803419","113.0","1.0","0.0"
"045658","Wellington Exempted Village","Lorain","76.0","0.10526315789473684","68.0","1.0","0.0"
"048207","Anthony Wayne Local","Lucas","340.0","0.01764705882352941","334.0","1.0","0.0"
"044362","Maumee City","Lucas","201.0","0.029850746268656716","195.0","0.9897435897435898","0.010256410256410256"
"044602","Oregon City","Lucas","272.0","0.014705882352941176","268.0","0.9888059701492538","0.011194029850746268"
"048215","Ottawa Hills Local","Lucas","67.0","0.014925373134328358","66.0","1.0","0.0"
"048223","Springfield Local","Lucas","267.0","0.0299625468164794","259.0","0.9884169884169884","0.011583011583011582"
"044875","Sylvania City","Lucas","493.0","0.032454361054766734","477.0","0.9958071278825996","0.0041928721174004195"
"044909","Toledo City","Lucas","1567.0","0.03765156349712827","1508.0","0.9263925729442971","0.07360742705570292"
"048231","Washington Local","Lucas","475.0","0.05052631578947368","451.0","0.9578713968957872","0.04212860310421286"
"048256","Jefferson Local","Madison","96.0","0.020833333333333332","94.0","0.9574468085106383","0.0425531914893617"
"048264","Jonathan Alder Local","Madison","193.0","0.06217616580310881","181.0","0.9779005524861878","0.022099447513812154"
"044255","London City","Madison","137.0","0.0072992700729927005","136.0","0.9117647058823529","0.08823529411764706"
"048272","Madison-Plains Local","Madison","85.0","0.08235294117647059","78.0","1.0","0.0"
"048298","Austintown Local","Mahoning","369.0","0.04878048780487805","351.0","0.9914529914529915","0.008547008547008548"
"048306","Boardman Local","Mahoning","308.0","0.04220779220779221","295.0","0.9966101694915255","0.003389830508474576"
"043703","Campbell City","Mahoning","91.0","0.12087912087912088","80.0","0.9625","0.0375"
"048314","Canfield Local","Mahoning","203.0","0.019704433497536946","199.0","1.0","0.0"
"048322","Jackson-Milton Local","Mahoning","51.0","0.0196078431372549","50.0","1.0","0.0"
"048330","Lowellville Local","Mahoning","45.0","0.0","45.0","1.0","0.0"
"048348","Poland Local","Mahoning","149.0","0.0","149.0","0.9932885906040269","0.006711409395973154"
"048355","Sebring Local","Mahoning","47.0","0.14893617021276595","40.0","0.975","0.025"
"048363","South Range Local","Mahoning","92.0","0.05434782608695652","87.0","1.0","0.0"
"048371","Springfield Local","Mahoning","72.0","0.041666666666666664","69.0","1.0","0.0"
"044859","Struthers City","Mahoning","116.0","0.04310344827586207","111.0","0.9819819819819819","0.018018018018018018"
"048389","West Branch Local","Mahoning","147.0","0.05442176870748299","139.0","1.0","0.0"
"048397","Western Reserve Local","Mahoning","52.0","0.0","52.0","1.0","0.0"
"045161","Youngstown City","Mahoning","355.0","0.2112676056338028","280.0","0.875","0.125"
"048413","Elgin Local","Marion","75.0","0.05333333333333334","71.0","1.0","0.0"
"044339","Marion City","Marion","304.0","0.09868421052631579","274.0","0.9416058394160584","0.058394160583941604"
"048421","Pleasant Local","Marion","85.0","0.058823529411764705","80.0","0.9875","0.0125"
"048439","Ridgedale Local","Marion","58.0","0.05172413793103448","55.0","0.9454545454545454","0.05454545454545454"
"048447","River Valley Local","Marion","156.0","0.03205128205128205","151.0","0.9867549668874173","0.013245033112582781"
"048462","Black River Local","Medina","70.0","0.05714285714285714","66.0","1.0","0.0"
"043661","Brunswick City","Medina","502.0","0.00796812749003984","498.0","1.0","0.0"
"048470","Buckeye Local","Medina","157.0","0.06369426751592357","147.0","1.0","0.0"
"048488","Cloverleaf Local","Medina","173.0","0.005780346820809248","172.0","1.0","0.0"
"048496","Highland Local","Medina","230.0","0.034782608695652174","222.0","0.9954954954954955","0.0045045045045045045"
"044388","Medina City","Medina","528.0","0.02462121212121212","515.0","0.9980582524271845","0.001941747572815534"
"044974","Wadsworth City","Medina","347.0","0.02881844380403458","337.0","0.9970326409495549","0.002967359050445104"
"048512","Eastern Local","Meigs","53.0","0.03773584905660377","51.0","1.0","0.0"
"048520","Meigs Local","Meigs","123.0","0.024390243902439025","120.0","0.9166666666666666","0.08333333333333333"
"048538","Southern Local","Meigs","47.0","0.02127659574468085","46.0","0.9565217391304348","0.043478260869565216"
"043729","Celina City","Mercer","192.0","0.036458333333333336","185.0","1.0","0.0"
"045310","Coldwater Exempted Village","Mercer","113.0","0.0","113.0","1.0","0.0"
"048595","Fort Recovery Local","Mercer","71.0","0.09859154929577464","64.0","0.984375","0.015625"
"048553","Marion Local","Mercer","76.0","0.0","76.0","1.0","0.0"
"048579","Parkway Local","Mercer","78.0","0.038461538461538464","75.0","1.0","0.0"
"048587","St Henry Consolidated Local","Mercer","66.0","0.0","66.0","1.0","0.0"
"048611","Bethel Local","Miami","76.0","0.0","76.0","1.0","0.0"
"045229","Bradford Exempted Village","Miami","35.0","0.02857142857142857","34.0","1.0","0.0"
"045336","Covington Exempted Village","Miami","66.0","0.030303030303030304","64.0","0.984375","0.015625"
"048629","Miami East Local","Miami","99.0","0.04040404040404041","95.0","1.0","0.0"
"045518","Milton-Union Exempted Village","Miami","113.0","0.008849557522123894","112.0","1.0","0.0"
"048637","Newton Local","Miami","46.0","0.15217391304347827","39.0","1.0","0.0"
"044644","Piqua City","Miami","283.0","0.038869257950530034","272.0","0.9926470588235294","0.007352941176470588"
"045617","Tipp City Exempted Village","Miami","187.0","0.0481283422459893","178.0","1.0","0.0"
"044925","Troy City","Miami","289.0","0.058823529411764705","272.0","1.0","0.0"
"048652","Switzerland of Ohio Local","Monroe","163.0","0.049079754601226995","155.0","0.9225806451612903","0.07741935483870968"
"048678","Brookville Local","Montgomery","93.0","0.010752688172043012","92.0","1.0","0.0"
"043737","Centerville City","Montgomery","548.0","0.020072992700729927","537.0","0.9851024208566108","0.0148975791433892"
"043844","Dayton City","Montgomery","970.0","0.15670103092783505","818.0","0.8361858190709046","0.16381418092909536"
"048751","Huber Heights City","Montgomery","418.0","0.10526315789473684","374.0","0.9438502673796791","0.05614973262032086"
"048686","Jefferson Township Local","Montgomery","19.0","0.05263157894736842","18.0","1.0","0.0"
"044180","Kettering City","Montgomery","570.0","0.03684210526315789","549.0","0.9927140255009107","0.007285974499089253"
"048702","Mad River Local","Montgomery","223.0","0.04035874439461883","214.0","0.9299065420560748","0.07009345794392523"
"044396","Miamisburg City","Montgomery","421.0","0.03800475059382423","405.0","0.9975308641975309","0.0024691358024691358"
"048710","New Lebanon Local","Montgomery","84.0","0.011904761904761904","83.0","1.0","0.0"
"048728","Northmont City","Montgomery","370.0","0.043243243243243246","354.0","0.9971751412429378","0.002824858757062147"
"048736","Northridge Local","Montgomery","117.0","0.042735042735042736","112.0","0.8571428571428571","0.14285714285714285"
"044586","Oakwood City","Montgomery","138.0","0.007246376811594203","137.0","1.0","0.0"
"048694","Trotwood-Madison City","Montgomery","115.0","0.05217391304347826","109.0","0.8623853211009175","0.13761467889908258"
"048744","Valley View Local","Montgomery","124.0","0.056451612903225805","117.0","0.9914529914529915","0.008547008547008548"
"044958","Vandalia-Butler City","Montgomery","196.0","0.04591836734693878","187.0","1.0","0.0"
"045054","West Carrollton City","Montgomery","289.0","0.04152249134948097","277.0","0.924187725631769","0.07581227436823104"
"048777","Morgan Local","Morgan","142.0","0.035211267605633804","137.0","0.9781021897810219","0.021897810218978103"
"048793","Cardington-Lincoln Local","Morrow","70.0","0.0","70.0","0.9857142857142858","0.014285714285714285"
"048801","Highland Local","Morrow","127.0","0.007874015748031496","126.0","0.9761904761904762","0.023809523809523808"
"045534","Mount Gilead Exempted Village","Morrow","87.0","0.034482758620689655","84.0","0.9642857142857143","0.03571428571428571"
"048819","Northmor Local","Morrow","61.0","0.04918032786885246","58.0","0.9827586206896551","0.017241379310344827"
"048835","East Muskingum Local","Muskingum","178.0","0.011235955056179775","176.0","1.0","0.0"
"048843","Franklin Local","Muskingum","164.0","0.06097560975609756","154.0","0.974025974025974","0.025974025974025976"
"048850","Maysville Local","Muskingum","155.0","0.03225806451612903","150.0","0.9933333333333333","0.006666666666666667"
"048876","Tri-Valley Local","Muskingum","233.0","0.034334763948497854","225.0","1.0","0.0"
"048884","West Muskingum Local","Muskingum","108.0","0.05555555555555555","102.0","1.0","0.0"
"045179","Zanesville City","Muskingum","281.0","0.16370106761565836","235.0","0.9234042553191489","0.07659574468085106"
"045252","Caldwell Exempted Village","Noble","62.0","0.08064516129032258","57.0","1.0","0.0"
"048900","Noble Local","Noble","62.0","0.04838709677419355","59.0","1.0","0.0"
"048926","Benton Carroll Salem Local","Ottawa","120.0","0.05","114.0","1.0","0.0"
"048934","Danbury Local","Ottawa","37.0","0.10810810810810811","33.0","1.0","0.0"
"048942","Genoa Area Local","Ottawa","90.0","0.05555555555555555","85.0","0.9764705882352941","0.023529411764705882"
"044651","Port Clinton City","Ottawa","122.0","0.040983606557377046","117.0","0.9572649572649573","0.042735042735042736"
"048975","Put-In-Bay Local","Ottawa","--","--","--","--","--"
"048991","Antwerp Local","Paulding","50.0","0.02","49.0","1.0","0.0"
"045575","Paulding Exempted Village","Paulding","96.0","0.09375","87.0","0.9770114942528736","0.022988505747126436"
"049031","Wayne Trace Local","Paulding","72.0","0.06944444444444445","67.0","1.0","0.0"
"045351","Crooksville Exempted Village","Perry","85.0","0.07058823529411765","79.0","1.0","0.0"
"044479","New Lexington City","Perry","144.0","0.013888888888888888","142.0","0.9014084507042254","0.09859154929577464"
"049056","Northern Local","Perry","135.0","0.044444444444444446","129.0","1.0","0.0"
"049064","Southern Local","Perry","54.0","0.09259259259259259","49.0","0.9795918367346939","0.02040816326530612"
"043760","Circleville City","Pickaway","147.0","0.12244897959183673","129.0","0.9689922480620154","0.031007751937984496"
"049080","Logan Elm Local","Pickaway","111.0","0.06306306306306306","104.0","1.0","0.0"
"049098","Teays Valley Local","Pickaway","261.0","0.019157088122605363","256.0","0.98828125","0.01171875"
"049106","Westfall Local","Pickaway","90.0","0.1111111111111111","80.0","0.9875","0.0125"
"049122","Eastern Local","Pike","61.0","0.08196721311475409","56.0","0.8928571428571429","0.10714285714285714"
"049130","Scioto Valley Local","Pike","105.0","0.14285714285714285","90.0","0.8555555555555555","0.14444444444444443"
"049148","Waverly City","Pike","129.0","0.05426356589147287","122.0","0.8934426229508197","0.10655737704918032"
"049155","Western Local","Pike","53.0","0.1320754716981132","46.0","0.8043478260869565","0.1956521739130435"
"049171","Aurora City","Portage","199.0","0.0","199.0","1.0","0.0"
"049189","Crestwood Local","Portage","123.0","0.08130081300813008","113.0","0.9911504424778761","0.008849557522123894"
"049197","Field Local","Portage","184.0","0.03804347826086957","177.0","0.9774011299435028","0.022598870056497175"
"049205","James A Garfield Local","Portage","117.0","0.03418803418803419","113.0","1.0","0.0"
"044164","Kent City","Portage","180.0","0.05","171.0","1.0","0.0"
"044685","Ravenna City","Portage","190.0","0.09473684210526316","172.0","0.9883720930232558","0.011627906976744186"
"049213","Rootstown Local","Portage","90.0","0.03333333333333333","87.0","1.0","0.0"
"049221","Southeast Local","Portage","101.0","0.06930693069306931","94.0","1.0","0.0"
"049239","Streetsboro City","Portage","152.0","0.06578947368421052","142.0","0.9788732394366197","0.02112676056338028"
"049247","Waterloo Local","Portage","89.0","0.033707865168539325","86.0","0.9651162790697675","0.03488372093023256"
"045666","Windham Exempted Village","Portage","38.0","0.02631578947368421","37.0","0.972972972972973","0.02702702702702703"
"064964","College Corner Local","Preble","12.0","0.0","12.0","0.0","1.0"
"043935","Eaton Community City","Preble","160.0","0.03125","155.0","0.9806451612903225","0.01935483870967742"
"049270","National Trail Local","Preble","81.0","0.037037037037037035","78.0","1.0","0.0"
"049288","Preble Shawnee Local","Preble","100.0","0.07","93.0","1.0","0.0"
"091397","Tri-County North Local","Preble","71.0","0.0","71.0","0.9859154929577465","0.014084507042253521"
"049296","Twin Valley Community Local","Preble","56.0","0.05357142857142857","53.0","1.0","0.0"
"049312","Columbus Grove Local","Putnam","62.0","0.016129032258064516","61.0","1.0","0.0"
"049320","Continental Local","Putnam","28.0","0.10714285714285714","25.0","1.0","0.0"
"049338","Jennings Local","Putnam","24.0","0.0","24.0","1.0","0.0"
"049346","Kalida Local","Putnam","54.0","0.0","54.0","1.0","0.0"
"049353","Leipsic Local","Putnam","46.0","0.043478260869565216","44.0","1.0","0.0"
"049361","Miller City-New Cleveland Local","Putnam","31.0","0.0","31.0","1.0","0.0"
"049379","Ottawa-Glandorf Local","Putnam","113.0","0.008849557522123894","112.0","1.0","0.0"
"049387","Ottoville Local","Putnam","32.0","0.0","32.0","1.0","0.0"
"049395","Pandora-Gilboa Local","Putnam","41.0","0.0","41.0","1.0","0.0"
"049411","Clear Fork Valley Local","Richland","117.0","0.0","117.0","0.9914529914529915","0.008547008547008548"
"049429","Crestview Local","Richland","76.0","0.039473684210526314","73.0","1.0","0.0"
"049437","Lexington Local","Richland","151.0","0.019867549668874173","148.0","1.0","0.0"
"049445","Lucas Local","Richland","51.0","0.0","51.0","1.0","0.0"
"049452","Madison Local","Richland","200.0","0.085","183.0","1.0","0.0"
"044297","Mansfield City","Richland","254.0","0.12598425196850394","222.0","0.9369369369369369","0.06306306306306306"
"049478","Ontario Local","Richland","147.0","0.034013605442176874","142.0","1.0","0.0"
"049460","Plymouth-Shiloh Local","Richland","62.0","0.04838709677419355","59.0","0.9830508474576272","0.01694915254237288"
"044776","Shelby City","Richland","121.0","0.0743801652892562","112.0","0.9910714285714286","0.008928571428571428"
"049494","Adena Local","Ross","88.0","0.0","88.0","0.9772727272727273","0.022727272727272728"
"043745","Chillicothe City","Ross","187.0","0.0374331550802139","180.0","0.95","0.05"
"049502","Huntington Local","Ross","104.0","0.038461538461538464","100.0","1.0","0.0"
"049510","Paint Valley Local","Ross","57.0","0.017543859649122806","56.0","0.9821428571428571","0.017857142857142856"
"049528","Southeastern Local","Ross","100.0","0.02","98.0","0.9897959183673469","0.01020408163265306"
"049536","Union-Scioto Local","Ross","149.0","0.026845637583892617","145.0","0.9862068965517241","0.013793103448275862"
"049544","Zane Trace Local","Ross","117.0","0.03418803418803419","113.0","0.9823008849557522","0.017699115044247787"
"045302","Clyde-Green Springs Exempted Village","Sandusky","161.0","0.006211180124223602","160.0","1.0","0.0"
"044016","Fremont City","Sandusky","331.0","0.04833836858006042","315.0","0.9936507936507937","0.006349206349206349"
"045385","Gibsonburg Exempted Village","Sandusky","76.0","0.06578947368421052","71.0","1.0","0.0"
"049569","Lakota Local","Sandusky","84.0","0.09523809523809523","76.0","1.0","0.0"
"049577","Woodmore Local","Sandusky","58.0","0.05172413793103448","55.0","1.0","0.0"
"049593","Bloom-Vernon Local","Scioto","70.0","0.07142857142857142","65.0","0.9846153846153847","0.015384615384615385"
"049601","Clay Local","Scioto","44.0","0.045454545454545456","42.0","0.9761904761904762","0.023809523809523808"
"049619","Green Local","Scioto","34.0","0.029411764705882353","33.0","0.8787878787878788","0.12121212121212122"
"049627","Minford Local","Scioto","87.0","0.04597701149425287","83.0","1.0","0.0"
"044461","New Boston Local","Scioto","34.0","0.08823529411764706","31.0","1.0","0.0"
"049635","Northwest Local","Scioto","136.0","0.03676470588235294","131.0","0.9618320610687023","0.03816793893129771"
"044669","Portsmouth City","Scioto","125.0","0.064","117.0","0.8974358974358975","0.10256410256410256"
"049643","Valley Local","Scioto","73.0","0.0547945205479452","69.0","0.9855072463768116","0.014492753623188406"
"049650","Washington-Nile Local","Scioto","112.0","0.026785714285714284","109.0","0.9908256880733946","0.009174311926605505"
"049668","Wheelersburg Local","Scioto","109.0","0.045871559633027525","104.0","1.0","0.0"
"049692","Bettsville Local","Seneca","--","--","--","--","--"
"043992","Fostoria City","Seneca","126.0","0.11904761904761904","111.0","0.963963963963964","0.036036036036036036"
"049700","Hopewell-Loudon Local","Seneca","73.0","0.0684931506849315","68.0","1.0","0.0"
"049718","New Riegel Local","Seneca","24.0","0.041666666666666664","23.0","1.0","0.0"
"049726","Old Fort Local","Seneca","33.0","0.0","33.0","1.0","0.0"
"049684","Seneca East Local","Seneca","71.0","0.056338028169014086","67.0","1.0","0.0"
"044891","Tiffin City","Seneca","195.0","0.035897435897435895","188.0","0.9946808510638298","0.005319148936170213"
"049759","Anna Local","Shelby","94.0","0.0425531914893617","90.0","1.0","0.0"
"049767","Botkins Local","Shelby","42.0","0.023809523809523808","41.0","1.0","0.0"
"049775","Fairlawn Local","Shelby","42.0","0.0","42.0","1.0","0.0"
"049783","Fort Loramie Local","Shelby","56.0","0.0","56.0","1.0","0.0"
"049791","Hardin-Houston Local","Shelby","72.0","0.041666666666666664","69.0","1.0","0.0"
"049809","Jackson Center Local","Shelby","42.0","0.047619047619047616","40.0","1.0","0.0"
"049817","Russia Local","Shelby","27.0","0.0","27.0","1.0","0.0"
"044784","Sidney City","Shelby","242.0","0.07024793388429752","225.0","0.9955555555555555","0.0044444444444444444"
"043497","Alliance City","Stark","204.0","0.10784313725490197","182.0","0.989010989010989","0.01098901098901099"
"043711","Canton City","Stark","629.0","0.0397456279809221","604.0","0.8890728476821192","0.11092715231788079"
"049833","Canton Local","Stark","120.0","0.025","117.0","0.9658119658119658","0.03418803418803419"
"049841","Fairless Local","Stark","122.0","0.04918032786885246","116.0","1.0","0.0"
"049858","Jackson Local","Stark","412.0","0.03155339805825243","399.0","0.9974937343358395","0.002506265664160401"
"049866","Lake Local","Stark","257.0","0.08171206225680934","236.0","0.9957627118644068","0.00423728813559322"
"049874","Louisville City","Stark","212.0","0.03773584905660377","204.0","1.0","0.0"
"049882","Marlington Local","Stark","149.0","0.013422818791946308","147.0","0.9931972789115646","0.006802721088435374"
"044354","Massillon City","Stark","259.0","0.05019305019305019","246.0","1.0","0.0"
"049890","Minerva Local","Stark","133.0","0.06766917293233082","124.0","0.9516129032258065","0.04838709677419355"
"044503","North Canton City","Stark","281.0","0.017793594306049824","276.0","0.9710144927536232","0.028985507246376812"
"049908","Northwest Local","Stark","148.0","0.0472972972972973","141.0","1.0","0.0"
"049916","Osnaburg Local","Stark","64.0","0.015625","63.0","0.9523809523809523","0.047619047619047616"
"049924","Perry Local","Stark","344.0","0.03197674418604651","333.0","0.996996996996997","0.003003003003003003"
"049932","Plain Local","Stark","402.0","0.029850746268656716","390.0","0.9948717948717949","0.005128205128205128"
"049940","Sandy Valley Local","Stark","102.0","0.0392156862745098","98.0","0.9897959183673469","0.01020408163265306"
"049957","Tuslaw Local","Stark","96.0","0.020833333333333332","94.0","1.0","0.0"
"043489","Akron City","Summit","1495.0","0.11304347826086956","1326.0","0.9871794871794872","0.01282051282051282"
"043539","Barberton City","Summit","257.0","0.08560311284046693","235.0","0.9957446808510638","0.00425531914893617"
"049981","Copley-Fairlawn City","Summit","197.0","0.030456852791878174","191.0","0.9947643979057592","0.005235602094240838"
"049999","Coventry Local","Summit","144.0","0.06944444444444445","134.0","0.9850746268656716","0.014925373134328358"
"043836","Cuyahoga Falls City","Summit","335.0","0.07462686567164178","310.0","0.9967741935483871","0.0032258064516129032"
"050013","Green Local","Summit","312.0","0.019230769230769232","306.0","1.0","0.0"
"050021","Hudson City","Summit","342.0","0.03216374269005848","331.0","1.0","0.0"
"050005","Manchester Local","Summit","86.0","0.06976744186046512","80.0","1.0","0.0"
"050039","Mogadore Local","Summit","63.0","0.047619047619047616","60.0","0.9833333333333333","0.016666666666666666"
"050047","Nordonia Hills City","Summit","253.0","0.08300395256916997","232.0","0.978448275862069","0.021551724137931036"
"044552","Norton City","Summit","171.0","0.011695906432748537","169.0","1.0","0.0"
"050054","Revere Local","Summit","187.0","0.0","187.0","1.0","0.0"
"050062","Springfield Local","Summit","128.0","0.09375","116.0","0.9655172413793104","0.034482758620689655"
"044834","Stow-Munroe Falls City","Summit","348.0","0.10344827586206896","312.0","0.9967948717948718","0.003205128205128205"
"044883","Tallmadge City","Summit","161.0","0.012422360248447204","159.0","0.9685534591194969","0.031446540880503145"
"050070","Twinsburg City","Summit","309.0","0.016181229773462782","304.0","1.0","0.0"
"049973","Woodridge Local","Summit","144.0","0.020833333333333332","141.0","0.9858156028368794","0.014184397163120567"
"050096","Bloomfield-Mespo Local","Trumbull","25.0","0.0","25.0","1.0","0.0"
"050112","Bristol Local","Trumbull","44.0","0.06818181818181818","41.0","1.0","0.0"
"050120","Brookfield Local","Trumbull","89.0","0.02247191011235955","87.0","0.9885057471264368","0.011494252873563218"
"050138","Champion Local","Trumbull","111.0","0.009009009009009009","110.0","1.0","0.0"
"044065","Girard City","Trumbull","119.0","0.03361344537815126","115.0","0.991304347826087","0.008695652173913044"
"050161","Howland Local","Trumbull","208.0","0.009615384615384616","206.0","1.0","0.0"
"045427","Hubbard Exempted Village","Trumbull","151.0","0.026490066225165563","147.0","0.9863945578231292","0.013605442176870748"
"050179","Joseph Badger Local","Trumbull","67.0","0.014925373134328358","66.0","1.0","0.0"
"050245","LaBrae Local","Trumbull","93.0","0.08602150537634409","85.0","0.9294117647058824","0.07058823529411765"
"050187","Lakeview Local","Trumbull","112.0","0.0625","105.0","1.0","0.0"
"050195","Liberty Local","Trumbull","66.0","0.07575757575757576","61.0","1.0","0.0"
"050203","Lordstown Local","Trumbull","34.0","0.11764705882352941","30.0","1.0","0.0"
"050211","Maplewood Local","Trumbull","48.0","0.0","48.0","1.0","0.0"
"050153","Mathews Local","Trumbull","58.0","0.0","58.0","1.0","0.0"
"050229","McDonald Local","Trumbull","59.0","0.01694915254237288","58.0","1.0","0.0"
"045567","Newton Falls Exempted Village","Trumbull","70.0","0.08571428571428572","64.0","0.984375","0.015625"
"044495","Niles City","Trumbull","177.0","0.096045197740113","160.0","0.98125","0.01875"
"050237","Southington Local","Trumbull","36.0","0.0","36.0","0.9444444444444444","0.05555555555555555"
"044990","Warren City","Trumbull","363.0","0.07988980716253444","334.0","0.7964071856287425","0.20359281437125748"
"050252","Weathersfield Local","Trumbull","68.0","0.0","68.0","1.0","0.0"
"043778","Claymont City","Tuscarawas","154.0","0.032467532467532464","149.0","1.0","0.0"
"043893","Dover City","Tuscarawas","189.0","0.026455026455026454","184.0","1.0","0.0"
"050278","Garaway Local","Tuscarawas","89.0","0.02247191011235955","87.0","1.0","0.0"
"050286","Indian Valley Local","Tuscarawas","154.0","0.012987012987012988","152.0","1.0","0.0"
"044487","New Philadelphia City","Tuscarawas","199.0","0.04020100502512563","191.0","1.0","0.0"
"045542","Newcomerstown Exempted Village","Tuscarawas","61.0","0.0","61.0","1.0","0.0"
"050294","Strasburg-Franklin Local","Tuscarawas","44.0","0.06818181818181818","41.0","1.0","0.0"
"050302","Tuscarawas Valley Local","Tuscarawas","87.0","0.09195402298850575","79.0","0.9873417721518988","0.012658227848101266"
"050328","Fairbanks Local","Union","83.0","0.04819277108433735","79.0","1.0","0.0"
"045476","Marysville Exempted Village","Union","416.0","0.08653846153846154","380.0","1.0","0.0"
"050336","North Union Local","Union","110.0","0.02727272727272727","107.0","1.0","0.0"
"050351","Crestview Local","Van Wert","61.0","0.03278688524590164","59.0","1.0","0.0"
"050369","Lincolnview Local","Van Wert","61.0","0.04918032786885246","58.0","0.9310344827586207","0.06896551724137931"
"044966","Van Wert City","Van Wert","152.0","0.02631578947368421","148.0","0.9864864864864865","0.013513513513513514"
"050393","Vinton County Local","Vinton","144.0","0.08333333333333333","132.0","0.9621212121212122","0.03787878787878788"
"050419","Carlisle Local","Warren","116.0","0.0603448275862069","109.0","0.9908256880733946","0.009174311926605505"
"044008","Franklin City","Warren","216.0","0.09259259259259259","196.0","0.9795918367346939","0.02040816326530612"
"050435","Kings Local","Warren","274.0","0.0364963503649635","264.0","0.9962121212121212","0.003787878787878788"
"044214","Lebanon City","Warren","400.0","0.035","386.0","0.9974093264248705","0.0025906735751295338"
"050443","Little Miami Local","Warren","317.0","0.006309148264984227","315.0","0.9968253968253968","0.0031746031746031746"
"050450","Mason City","Warren","729.0","0.023319615912208505","712.0","0.9971910112359551","0.0028089887640449437"
"050427","Springboro Community City","Warren","428.0","0.02336448598130841","418.0","0.9976076555023924","0.0023923444976076554"
"050468","Wayne Local","Warren","102.0","0.06862745098039216","95.0","1.0","0.0"
"043604","Belpre City","Washington","75.0","0.05333333333333334","71.0","0.9436619718309859","0.056338028169014086"
"050484","Fort Frye Local","Washington","64.0","0.015625","63.0","0.9682539682539683","0.031746031746031744"
"050492","Frontier Local","Washington","52.0","0.057692307692307696","49.0","0.9591836734693877","0.04081632653061224"
"044321","Marietta City","Washington","201.0","0.06965174129353234","187.0","0.9679144385026738","0.03208556149732621"
"050500","Warren Local","Washington","140.0","0.007142857142857143","139.0","0.9712230215827338","0.02877697841726619"
"050518","Wolf Creek Local","Washington","42.0","0.047619047619047616","40.0","1.0","0.0"
"050534","Chippewa Local","Wayne","97.0","0.041237113402061855","93.0","0.989247311827957","0.010752688172043012"
"050542","Dalton Local","Wayne","70.0","0.02857142857142857","68.0","1.0","0.0"
"050559","Green Local","Wayne","86.0","0.011627906976744186","85.0","0.9882352941176471","0.011764705882352941"
"050575","Northwestern Local","Wayne","102.0","0.049019607843137254","97.0","1.0","0.0"
"050567","Norwayne Local","Wayne","98.0","0.02040816326530612","96.0","1.0","0.0"
"044610","Orrville City","Wayne","109.0","0.08256880733944955","100.0","1.0","0.0"
"045591","Rittman Exempted Village","Wayne","76.0","0.07894736842105263","70.0","1.0","0.0"
"050583","Southeast Local","Wayne","117.0","0.03418803418803419","113.0","0.9911504424778761","0.008849557522123894"
"050591","Triway Local","Wayne","137.0","0.029197080291970802","133.0","1.0","0.0"
"045120","Wooster City","Wayne","259.0","0.07722007722007722","239.0","0.9832635983263598","0.016736401673640166"
"043679","Bryan City","Williams","133.0","0.045112781954887216","127.0","0.968503937007874","0.031496062992125984"
"050617","Edgerton Local","Williams","42.0","0.0","42.0","1.0","0.0"
"050625","Edon-Northwest Local","Williams","37.0","0.02702702702702703","36.0","1.0","0.0"
"050633","Millcreek-West Unity Local","Williams","36.0","0.05555555555555555","34.0","1.0","0.0"
"045526","Montpelier Exempted Village","Williams","70.0","0.12857142857142856","61.0","1.0","0.0"
"050641","North Central Local","Williams","48.0","0.0625","45.0","1.0","0.0"
"050658","Stryker Local","Williams","36.0","0.0","36.0","1.0","0.0"
"043638","Bowling Green City","Wood","231.0","0.06060606060606061","217.0","0.9815668202764977","0.018433179723502304"
"050674","Eastwood Local","Wood","109.0","0.03669724770642202","105.0","1.0","0.0"
"050682","Elmwood Local","Wood","92.0","0.05434782608695652","87.0","0.9885057471264368","0.011494252873563218"
"050690","Lake Local","Wood","113.0","0.05309734513274336","107.0","1.0","0.0"
"050708","North Baltimore Local","Wood","42.0","0.11904761904761904","37.0","1.0","0.0"
"050716","Northwood Local","Wood","73.0","0.0410958904109589","70.0","0.9714285714285714","0.02857142857142857"
"050724","Otsego Local","Wood","105.0","0.0380952380952381","101.0","0.9900990099009901","0.009900990099009901"
"045583","Perrysburg Exempted Village","Wood","354.0","0.04519774011299435","338.0","0.9970414201183432","0.0029585798816568047"
"045609","Rossford Exempted Village","Wood","126.0","0.023809523809523808","123.0","0.983739837398374","0.016260162601626018"
"045260","Carey Exempted Village","Wyandot","56.0","0.03571428571428571","54.0","1.0","0.0"
"050740","Mohawk Local","Wyandot","83.0","0.024096385542168676","81.0","1.0","0.0"
"045625","Upper Sandusky Exempted Village","Wyandot","117.0","0.07692307692307693","108.0","1.0","0.0"
